CTD MESH/OMIM 	 type 	 CTD cuis divided by | 	 Disease ontology divided by | 	 cui names 
D007835	MESH		DOID:9537	
D015140			DOID:8725	
D015417	MESH		DOID:2477	
D010390	MESH		DOID:11656	
D010391	MESH		DOID:8506	
D000308	MESH		DOID:3947	
D000306	MESH		DOID:660	
D000307	MESH		DOID:9553	
C562386	MESH		DOID:10825	
D010392	MESH		DOID:9182	
D000542	MESH		DOID:841	
D000236	MESH		DOID:3172|DOID:6204|DOID:5403|DOID:657	
D005879	MESH		DOID:11119	
D000231	MESH		DOID:3112	
D000232	MESH		DOID:2683	
D000239	MESH		DOID:5392	
D005873	MESH		DOID:10718	
D000783	MESH		DOID:178	
D011469	MESH		DOID:47	
D000789	MESH		DOID:8805	
D003109	MESH		DOID:3877	
D020165	MESH		DOID:9280	
D011605	MESH		DOID:1742	
D011604	MESH		DOID:252	
D016142	MESH		DOID:4621	
D009901	MESH		DOID:1891|DOID:14555	
D009771			DOID:10933	
D057066	MESH		DOID:13544	
D000437	MESH		DOID:1574	
D009798	MESH		DOID:9282	
D016543	MESH		DOID:3620	
D011115	MESH		DOID:1389|DOID:14402	
D005348	MESH		DOID:10354|DOID:5998	
D011111	MESH		DOID:853	
D020144	MESH		DOID:10991	
D007012	MESH		DOID:8533	
D020141	MESH		DOID:484	
D006934	MESH		DOID:12678	
D007018	MESH		DOID:9406|DOID:9476	
D017700	MESH		DOID:1461	
D018236	MESH		DOID:3308	
D018500	MESH		DOID:12387	
D019052	MESH		DOID:9478	
D018233	MESH		DOID:3246	
D018232	MESH		DOID:4051	
D003025	MESH		DOID:11836	
D013494	MESH		DOID:678	
C537345	MESH		DOID:0090019	
D030401	MESH		DOID:3762	
D016849	MESH		DOID:0080158	
D017520	MESH		DOID:3141	
D012002	MESH		DOID:1285	
D012004			DOID:1993|DOID:1984	
D056988	MESH		DOID:5855|DOID:5845	
D011843	MESH		DOID:4306	
D006938	MESH		DOID:13810	
D003449	MESH		DOID:2917	
D006949	MESH		DOID:1168	
D003440	MESH		DOID:9395	
D007943	MESH		DOID:285	
D002318			DOID:1287	
D014424	MESH		DOID:3491	
D002311	MESH		DOID:12930	
D002310	MESH		DOID:12935	
D002313	MESH		DOID:397	
D002312	MESH		DOID:11984	
D013285	MESH		DOID:9306|DOID:9837	
D017454	MESH		DOID:3818	
D012640	MESH		DOID:11832	
D013733	MESH		DOID:2519	
C535648	MESH		DOID:10540	
D013736	MESH		DOID:2998	
D010302			DOID:13548	
D012488	MESH		DOID:5733	
D003536	MESH		DOID:3111	
D003537	MESH		DOID:2634	
D006012	MESH		DOID:2746	
D002006	MESH		DOID:11077	
D002771	MESH		DOID:1498	
D014394	MESH		DOID:1639	
D054179	MESH		DOID:14735	
D012734	MESH		DOID:3763|DOID:3765|DOID:1923	
D012735	MESH		DOID:1876	
D003316	MESH		DOID:10124	
D005099	MESH		DOID:11853|DOID:1143|DOID:1142	
D005094	MESH		DOID:9370	
C535474	MESH		DOID:0060444	
D008228			DOID:8675|DOID:8538	
D008224			DOID:0050873	
D008223			DOID:0060058	
D014777	MESH		DOID:934	
D018273	MESH		DOID:1798	
D018275	MESH		DOID:3457	
D006331			DOID:114	
D010490	MESH		DOID:118|DOID:11482	
D018279	MESH		DOID:3493	
D055752			DOID:5409	
D008654			DOID:2645	
D002177	MESH		DOID:1508	
D018237	MESH		DOID:3304	
D000230			DOID:4903|DOID:299|DOID:5675|DOID:4929	
D020437	MESH		DOID:13814	
D002179	MESH		DOID:0080161	
D002178	MESH		DOID:2058	
D005878			DOID:2739	
D006330	MESH		DOID:1682	
D051437	MESH		DOID:1074	
D009404	MESH		DOID:1184	
D014376	MESH		DOID:399	
D009400	MESH		DOID:11664	
D009401	MESH		DOID:2527	
D009402	MESH		DOID:10966	
D008133			DOID:2843	
D009408	MESH		DOID:573	
C536525	MESH		DOID:0060471	
D007829	MESH		DOID:11527	
D010411	MESH		DOID:8616	
D015173	MESH		DOID:1659	
D010412	MESH		DOID:11624|DOID:11615	
D015175	MESH		DOID:5394	
D000849	MESH		DOID:4541	
D000848	MESH		DOID:0050591|DOID:13714	
D006980			DOID:7998	
D001791	MESH		DOID:2218	
D008047	MESH		DOID:9297	
D018088	MESH		DOID:401	
D001161	MESH		DOID:2349	
D017726	MESH		DOID:0080160	
D010255	MESH		DOID:1350|DOID:0050619	
D010254	MESH		DOID:1352	
D005764	MESH		DOID:8534	
D007759	MESH		DOID:2952	
D009896	MESH		DOID:5723	
D005862	MESH		DOID:4969	
D029597	MESH		DOID:2843	
D011470	MESH		DOID:2883	
D011471			DOID:10283	
D011472	MESH		DOID:14654	
D011618			DOID:11328|DOID:5418	
D007644	MESH		DOID:2734	
D015352	MESH		DOID:10140	
D007642			DOID:161	
D015356	MESH		DOID:8483|DOID:13098|DOID:13094	
D016481	MESH		DOID:341	
D008946	MESH		DOID:1754	
D008944	MESH		DOID:11502	
D019115	MESH		DOID:9602	
D043183	MESH		DOID:9778	
D007938			DOID:1240	
D011271	MESH		DOID:0060329	
D016736	MESH		DOID:2988	
D055665	MESH		DOID:0060538	
D011293	MESH		DOID:727	
D007008	MESH		DOID:4500	
D007009	MESH		DOID:1387	
D003231			DOID:6195	
D007003	MESH		DOID:9993	
D003233	MESH		DOID:2474|DOID:11204|DOID:2457	
D005886	MESH		DOID:5338	
D005882	MESH		DOID:5337|DOID:1483	
D005889	MESH		DOID:1134	
D012035	MESH		DOID:10582	
D017511	MESH		DOID:8553	
D017513	MESH		DOID:8573	
D013031	MESH		DOID:10080	
D013036	MESH		DOID:2481	
D014901	MESH		DOID:2365|DOID:2366	
C562839			DOID:1790	
D034701	MESH		DOID:3663|DOID:3665	
D019337			DOID:2531	
D003161	MESH		DOID:682	
D013724	MESH		DOID:5563|DOID:3307	
D006660	MESH		DOID:1731	
D006467	MESH		DOID:12134	
D006463	MESH		DOID:12554	
D016510	MESH		DOID:11382	
D002780	MESH		DOID:1852	
D007713	MESH		DOID:1921	
D004916	MESH		DOID:9240	
D002544			DOID:3526	
D002547	MESH		DOID:10970|DOID:10968|DOID:1969|DOID:10965	
D002764	MESH		DOID:1949	
D002761	MESH		DOID:9446	
D013344	MESH		DOID:8970	
D013342	MESH		DOID:0060243	
D006201	MESH		DOID:421	
D019846	MESH		DOID:12889	
C562729			DOID:3748	
D001941	MESH		DOID:3463	
D001943			DOID:1612	
D002305	MESH		DOID:115	
D014985	MESH		DOID:10138	
D013585	MESH		DOID:2703	
D014983	MESH		DOID:0050427	
D002754	MESH		DOID:9574	
D018268	MESH		DOID:3948	
D018269	MESH		DOID:2871	
D004407	MESH		DOID:4441	
D014571			DOID:731	
D018262	MESH		DOID:4468	
D018263	MESH		DOID:3962	
D006689			DOID:8654|DOID:8567|DOID:8543|DOID:8651|DOID:8628	
D000303	MESH		DOID:3952	
D020760	MESH		DOID:178	
D020762	MESH		DOID:3821	
D002169	MESH		DOID:13622	
D020765	MESH		DOID:13089	
D020766	MESH		DOID:4372	
D020767	MESH		DOID:4193	
D000140	MESH		DOID:3650	
D000141	MESH		DOID:14219	
D004684	MESH		DOID:10992|DOID:5222	
D001862	MESH		DOID:0080011	
D016905	MESH		DOID:104	
D045823	MESH		DOID:8440	
D016908	MESH		DOID:104	
D004416	MESH		DOID:10041	
D000856	MESH		DOID:8689	
D000326	MESH		DOID:10588	
D000858	MESH		DOID:3781	
D001528	MESH		DOID:13241	
D001523			DOID:150	
C563236	MESH		DOID:5557	
D010244	MESH		DOID:681	
D007251			DOID:8469	
D052177	MESH		DOID:2975	
D054058	MESH		DOID:326	
D011045	MESH		DOID:12961	
D009886	MESH		DOID:539	
D009889	MESH		DOID:13768	
D007499	MESH		DOID:240	
D015161	MESH		DOID:8725	
D010911	MESH		DOID:3829|DOID:1785|DOID:4916	
D007673	MESH		DOID:2973	
D015433	MESH		DOID:10976	
D025242	MESH		DOID:1123	
D008444	MESH		DOID:1358	
D015614	MESH		DOID:3405	
D012804	MESH		DOID:13884	
D002278	MESH		DOID:8719	
D010520	MESH		DOID:9893|DOID:1474	
D053713	MESH		DOID:14227	
D015299	MESH		DOID:10986	
D015518	MESH		DOID:1206	
D010523	MESH		DOID:574	
D007011	MESH		DOID:11199	
D006402	MESH		DOID:74	
D016585	MESH		DOID:3385	
D007079	MESH		DOID:0060189	
D003229	MESH		DOID:4251	
D020163	MESH		DOID:9271	
D008591	MESH		DOID:0060326	
D008590	MESH		DOID:10554	
D004314	MESH		DOID:14250	
D003790	MESH		DOID:11623	
D008180			DOID:9074	
D004310	MESH		DOID:6406	
D007153	MESH		DOID:612	
D015835	MESH		DOID:1279|DOID:538|DOID:10235	
D007105	MESH		DOID:1557	
D015837	MESH		DOID:3426	
D013991	MESH		DOID:14021	
D012600	MESH		DOID:0060249	
D004238	MESH		DOID:7475	
D005891	MESH		DOID:3087	
D013971	MESH		DOID:7997	
D014402	MESH		DOID:13515	
D009157	MESH		DOID:437	
D006479	MESH		DOID:12287	
D006474	MESH		DOID:2213	
D003480	MESH		DOID:12252	
D006504	MESH		DOID:0080177	
D003550	MESH		DOID:1485	
D006073	MESH		DOID:13189	
D003554	MESH		DOID:1064	
D003555	MESH		DOID:9266	
D003556	MESH		DOID:1679	
D003557	MESH		DOID:1631|DOID:3016	
D002575	MESH		DOID:2568	
D002577	MESH		DOID:2253	
D002291	MESH		DOID:3113	
D005258	MESH		DOID:11042	
D019851	MESH		DOID:2452	
D002759	MESH		DOID:5381	
D001883	MESH		DOID:10930	
D002971			DOID:9296	
D001885	MESH		DOID:1116	
D002972			DOID:674	
D018856	MESH		DOID:13949|DOID:1678	
D013478	MESH		DOID:3557	
D009080			DOID:13378	
D012751	MESH		DOID:8541	
D009084	MESH		DOID:12801	
D010488	MESH		DOID:9810	
D003925	MESH		DOID:11713	
D014973	MESH		DOID:3345	
D019586	MESH		DOID:9428	
D004239	MESH		DOID:13254	
D006502	MESH		DOID:11512	
D005922	MESH		DOID:2986	
D045743	MESH		DOID:1580	
D006506	MESH		DOID:12549	
D006501	MESH		DOID:12550|DOID:13413	
D045745	MESH		DOID:1577	
D003922	MESH		DOID:9744	
D006509	MESH		DOID:2043	
D008206	MESH		DOID:75	
D020754	MESH		DOID:1441	
D018218	MESH		DOID:3355	
D009357	MESH		DOID:9828	
D018213	MESH		DOID:3347	
D018212	MESH		DOID:4305	
D013577	MESH		DOID:225	
D013576	MESH		DOID:11193	
C538231			DOID:3910	
D002194	MESH		DOID:6680	
D020759	MESH		DOID:6712	
D011087	MESH		DOID:8997	
D020758	MESH		DOID:178	
D004698	MESH		DOID:4562	
D001404	MESH		DOID:9643	
D004694	MESH		DOID:0050651	
D004695	MESH		DOID:12929	
D008118	MESH		DOID:13523	
D018325	MESH		DOID:5241	
D018324	MESH		DOID:2725	
D001982	MESH		DOID:1176	
D009140	MESH		DOID:17	
D016918	MESH		DOID:6196	
D016919	MESH		DOID:0080159	
D009422			DOID:863	
D018328	MESH		DOID:4359	
D000868	MESH		DOID:3933	
D000686	MESH		DOID:9120	
D016114	MESH		DOID:1700	
D046351	MESH		DOID:13270	
D049912	MESH		DOID:6255	
D008060	MESH		DOID:811	
D004405	MESH		DOID:12385	
D008064	MESH		DOID:9455	
D008067	MESH		DOID:10192|DOID:3315	
D008068	MESH		DOID:3153	
D010279	MESH		DOID:11201	
D054429	MESH		DOID:0050458	
D013274			DOID:10534	
D010051			DOID:2394	
D012393	MESH		DOID:8881	
D007246	MESH		DOID:5223	
D007248			DOID:12336	
D010505	MESH		DOID:2987	
D000592	MESH		DOID:9252	
D008471	MESH		DOID:11049	
D017889	MESH		DOID:13641	
D007806	MESH		DOID:93	
D003969	MESH		DOID:5574|DOID:6977	
D018195	MESH		DOID:1974	
D018196	MESH		DOID:4830	
D018197	MESH		DOID:687	
D016135			DOID:1089	
D015620	MESH		DOID:2570	
D015624	MESH		DOID:0050214	
D008924	MESH		DOID:7894	
D010698			DOID:11257|DOID:591	
D013921			DOID:1588	
D001238	MESH		DOID:11088	
D011128	MESH		DOID:11577|DOID:4307	
D011129	MESH		DOID:4308	
D058922	MESH		DOID:6263	
D004696	MESH		DOID:10314	
D014190	MESH		DOID:1233	
D009855	MESH		DOID:11678	
D007690	MESH		DOID:898	
D008588	MESH		DOID:1088	
D008587	MESH		DOID:10310	
D008584	MESH		DOID:11572	
D008585	MESH		DOID:0080176	
D008850	MESH		DOID:10629	
D008583	MESH		DOID:0080179	
D008581	MESH		DOID:9471	
D013981	MESH		DOID:2768|DOID:2769|DOID:10600	
D013984	MESH		DOID:4109	
D013964			DOID:3963|DOID:2891|DOID:1781	
D013742	MESH		DOID:11338	
D003108	MESH		DOID:5353	
D003103	MESH		DOID:12270	
D014352	MESH		DOID:10113	
D017453			DOID:2772	
D014353	MESH		DOID:10112	
D013182	MESH		DOID:10607	
D012163	MESH		DOID:5327	
D012162			DOID:8466	
D012164	MESH		DOID:5679	
D006712	MESH		DOID:9263	
D002561			DOID:6713	
D006044	MESH		DOID:13197	
D006042	MESH		DOID:12176	
D003616	MESH		DOID:2785	
D006998	MESH		DOID:12883	
D006229	MESH		DOID:3158	
D012559			DOID:5419	
D011928	MESH		DOID:10300	
D017086	MESH		DOID:12241	
D012563	MESH		DOID:778|DOID:1229	
D012569	MESH		DOID:10646	
D004802	MESH		DOID:999	
D020293	MESH		DOID:525|DOID:2555	
D020294	MESH		DOID:3635	
D020295	MESH		DOID:4203	
D001984	MESH		DOID:3906	
D001987	MESH		DOID:9563	
D001989	MESH		DOID:2799	
D001321			DOID:12849	
D006530	MESH		DOID:11823	
D055728	MESH		DOID:4971	
D005621	MESH		DOID:12705	
D009181	MESH		DOID:1564	
D009182	MESH		DOID:8691	
D009187	MESH		DOID:322	
D018200	MESH		DOID:4236	
D018205	MESH		DOID:3315	
D002189	MESH		DOID:9505|DOID:1849	
D002180	MESH		DOID:14262	
D002181	MESH		DOID:2272	
D008103	MESH		DOID:5082	
D005756	MESH		DOID:4029	
D005757	MESH		DOID:8929	
D008107			DOID:409	
D008104	MESH		DOID:14018	
D008105	MESH		DOID:12236	
D019957	MESH		DOID:9923	
D019956	MESH		DOID:2303	
D019955			DOID:12995	
D009459	MESH		DOID:14464	
D014328	MESH		DOID:4085	
D006391	MESH		DOID:255|DOID:474|DOID:468|DOID:277	
D009450	MESH		DOID:3309	
D002546			DOID:224	
D004374			DOID:13832	
D004370	MESH		DOID:12557	
D044882			DOID:4194	
D000690			DOID:332	
D004379	MESH		DOID:10021|DOID:1737	
D004378	MESH		DOID:4072	
D000052	MESH		DOID:3138	
D010267	MESH		DOID:9088	
D010264	MESH		DOID:607	
D010265	MESH		DOID:6536	
D019559	MESH		DOID:14400	
D014391	MESH		DOID:9861	
D010518	MESH		DOID:824	
D010049	MESH		DOID:1100	
D007905	MESH		DOID:110	
D002779			DOID:13580	
D014125	MESH		DOID:13336	
D019636	MESH		DOID:1289	
D000275	MESH		DOID:4964	
D010190			DOID:1793	
D052556	MESH		DOID:14504	
D010195	MESH		DOID:4989	
D010198	MESH		DOID:12450	
D020967	MESH		DOID:0050759|DOID:450	
D020961	MESH		DOID:12217	
D020968	MESH		DOID:10383|DOID:3689	
D023921	MESH		DOID:4248	
D018979	MESH		DOID:3429	
D007619	MESH		DOID:0050144	
D007589	MESH		DOID:3261	
D021183			DOID:4378	
D021182	MESH		DOID:3660	
D008664	MESH		DOID:896	
D010995	MESH		DOID:1532	
D011020	MESH		DOID:11339	
D010689	MESH		DOID:864	
D011024	MESH		DOID:10533	
D019873	MESH		DOID:4371	
D003291	MESH		DOID:1768	
D012220			DOID:4483	
D012222	MESH		DOID:4731	
D012223	MESH		DOID:4730	
D001168	MESH		DOID:848	
D006929	MESH		DOID:12028|DOID:446	
D007057	MESH		DOID:1697	
D009845	MESH		DOID:14228	
D018549	MESH		DOID:0050157	
D016697	MESH		DOID:9210	
D012594	MESH		DOID:419|DOID:8472	
D012595	MESH		DOID:418	
D015814	MESH		DOID:790	
D015812	MESH		DOID:13550	
D017675	MESH		DOID:0060218	
D008480	MESH		DOID:819	
D017246	MESH		DOID:12558	
D006456	MESH		DOID:582	
D006457	MESH		DOID:0060284	
D013953	MESH		DOID:3277	
D013959			DOID:50	
D003112	MESH		DOID:3876	
D013771			DOID:6419	
D014398	MESH		DOID:9733	
D003117	MESH		DOID:13399|DOID:11661|DOID:13912|DOID:13910|DOID:13911|DOID:13909	
D012178	MESH		DOID:13025	
D012170	MESH		DOID:1727	
D013174	MESH		DOID:14484	
D012174	MESH		DOID:10584	
D012175	MESH		DOID:4648|DOID:768	
D006058	MESH		DOID:2277	
D006059	MESH		DOID:14447	
D006053	MESH		DOID:2907	
D016553	MESH		DOID:8924	
D006981	MESH		DOID:2855	
D006983	MESH		DOID:420	
D014515	MESH		DOID:1426	
D014516	MESH		DOID:11819|DOID:11885	
D012772	MESH		DOID:14115	
D013313			DOID:2055	
D012778	MESH		DOID:10605	
D017094	MESH		DOID:3133	
D018316	MESH		DOID:3071	
D017096	MESH		DOID:649	
D013088	MESH		DOID:11997	
D017091	MESH		DOID:0060181	
D017098	MESH		DOID:0060025|DOID:11701	
D013086	MESH		DOID:11996	
D002429	MESH		DOID:1518	
D002422	MESH		DOID:3222	
D056929	MESH		DOID:0050477	
D002644	MESH		DOID:8659	
D001996	MESH		DOID:12375	
D004213	MESH		DOID:10935	
D008269	MESH		DOID:4449|DOID:4447	
D004211	MESH		DOID:11247	
D001991			DOID:6132	
D018235	MESH		DOID:4310	
D013226	MESH		DOID:1824	
D013224	MESH		DOID:9362	
D006526	MESH		DOID:1883	
D006527	MESH		DOID:893	
D018239	MESH		DOID:5842|DOID:4440	
D014201	MESH		DOID:888|DOID:884	
D006521	MESH		DOID:2237	
D009196	MESH		DOID:4960	
D009190	MESH		DOID:0050908	
D014689	MESH		DOID:10128	
D001424	MESH		DOID:104	
D014511	MESH		DOID:4676	
D018302	MESH		DOID:7305|DOID:6128	
D018305	MESH		DOID:4163	
D003048	MESH		DOID:2113	
D018307	MESH		DOID:3168|DOID:1749	
D009442	MESH		DOID:5940|DOID:3192	
D009443	MESH		DOID:1803|DOID:683	
D009447	MESH		DOID:769	
D000292	MESH		DOID:1003	
D018270	MESH		DOID:3008	
D052496	MESH		DOID:0050440	
C536010	MESH		DOID:0050796	
D009503	MESH		DOID:1227	
D010212	MESH		DOID:2615|DOID:139	
D010211	MESH		DOID:146|DOID:10175|DOID:6929	
D010217	MESH		DOID:11360	
D010214	MESH		DOID:3389	
D014029			DOID:0050742	
D001196	MESH		DOID:456	
D001195			DOID:10320	
C536494	MESH		DOID:6039	
D014396	MESH		DOID:106	
C535575	MESH		DOID:5520	
D013169	MESH		DOID:2300	
D007918	MESH		DOID:1024	
D020828	MESH		DOID:12680	
D010033	MESH		DOID:10754	
D010032	MESH		DOID:9463	
D020821	MESH		DOID:543|DOID:0050835|DOID:0050841	
D010859	MESH		DOID:3156	
D014397			DOID:2957	
D010854	MESH		DOID:12711|DOID:0050133|DOID:13902	
D020226	MESH		DOID:3575	
D001607			DOID:10322	
D009617	MESH		DOID:2312	
D029424			DOID:3083	
D020915	MESH		DOID:10915	
D052016	MESH		DOID:0080178	
D020918	MESH		DOID:3223	
D010608	MESH		DOID:2275	
D016111	MESH		DOID:14501	
D004652	MESH		DOID:3642	
D019150	MESH		DOID:2367	
D000647	MESH		DOID:10914|DOID:11037	
D000648	MESH		DOID:4543	
D007592	MESH		DOID:381	
D020774	MESH		DOID:11870	
D002114	MESH		DOID:182	
D058437	MESH		DOID:11561	
D045169	MESH		DOID:2945	
D012216	MESH		DOID:204	
D012213	MESH		DOID:1586	
D020388	MESH		DOID:11723	
D046152	MESH		DOID:9253	
D015267	MESH		DOID:3049	
D020139	MESH		DOID:11044	
D020138	MESH		DOID:9279	
D004437	MESH		DOID:14289	
D009877	MESH		DOID:4692	
D008305	MESH		DOID:8545	
D041781	MESH		DOID:13603	
D003744	MESH		DOID:693	
D017241	MESH		DOID:3687	
D017240	MESH		DOID:699	
D011818	MESH		DOID:11260	
D058540	MESH		DOID:8461	
D015868	MESH		DOID:12731	
D015862	MESH		DOID:1417	
D015866	MESH		DOID:12574	
D015864	MESH		DOID:12030	
D005831	MESH		DOID:229	
D013920	MESH		DOID:2224	
D000505	MESH		DOID:987	
D006429	MESH		DOID:10969	
D013945	MESH		DOID:3275|DOID:3284	
D012148	MESH		DOID:0050425	
D020345	MESH		DOID:8677	
D020343	MESH		DOID:9427	
D013167	MESH		DOID:7147	
D013160	MESH		DOID:672	
D013899	MESH		DOID:5093	
D016471	MESH		DOID:5425	
D014524	MESH		DOID:12577	
D056806	MESH		DOID:9267	
D014526	MESH		DOID:1343	
D009290			DOID:8986	
D014523	MESH		DOID:734|DOID:730	
D009293	MESH		DOID:2559	
D009059	MESH		DOID:403	
D006732	MESH		DOID:11486	
D004820	MESH		DOID:2730	
D004823	MESH		DOID:9402	
D002349	MESH		DOID:12169	
D004827	MESH		DOID:1826	
D004829	MESH		DOID:1827	
D004828	MESH		DOID:2234	
D002340			DOID:3407	
D002341	MESH		DOID:3410	
D002430	MESH		DOID:1517|DOID:1521	
D008271	MESH		DOID:13078	
D005600	MESH		DOID:14261	
D005354	MESH		DOID:3355	
D005356	MESH		DOID:631	
D005357	MESH		DOID:1858	
D018223	MESH		DOID:3507	
D018226	MESH		DOID:1618	
D013547	MESH		DOID:11599	
D014388	MESH		DOID:4889	
D005198	MESH		DOID:1062	
D005199	MESH		DOID:13636	
D014235	MESH		DOID:9784	
D006556	MESH		DOID:9976	
D006554	MESH		DOID:0060321|DOID:0060327	
D013786	MESH		DOID:4662	
D013789	MESH		DOID:10241	
C536914	MESH		DOID:3973	
C536915	MESH		DOID:3969	
D005512	MESH		DOID:3044	
D001859			DOID:184	
C537422	MESH		DOID:0090121	
D001855	MESH		DOID:4961	
D009050			DOID:13711	
D011125	MESH		DOID:0050424	
D019970	MESH		DOID:9975|DOID:809	
D019973	MESH		DOID:1574	
D014657	MESH		DOID:865	
D009471	MESH		DOID:8869	
D014652			DOID:178	
D009472	MESH		DOID:14503	
D005776	MESH		DOID:1926	
D005770	MESH		DOID:3119	
D006954	MESH		DOID:1171	
D006953	MESH		DOID:1172	
D006952	MESH		DOID:3145	
D018318	MESH		DOID:5151	
D006950	MESH		DOID:13809	
D013436	MESH		DOID:12451	
D018317	MESH		DOID:1192|DOID:4697|DOID:3193	
D006959	MESH		DOID:2977	
D006958	MESH		DOID:4257	
D015179			DOID:5672|DOID:9256	
D001072	MESH		DOID:4090	
D033461	MESH		DOID:1920	
D014010	MESH		DOID:9060	
D010202	MESH		DOID:13732	
D019575	MESH		DOID:11831	
D008010	MESH		DOID:9201	
D019578	MESH		DOID:4752	
D004483	MESH		DOID:1570	
D020955	MESH		DOID:4751	
D007827	MESH		DOID:3437	
D010842	MESH		DOID:12128	
D003123	MESH		DOID:3883	
D010020	MESH		DOID:10159	
D020953	MESH		DOID:13565	
D010022	MESH		DOID:13533	
D010024			DOID:11476	
D010026	MESH		DOID:4254	
D053840	MESH		DOID:0050451	
D007822	MESH		DOID:2598|DOID:2596	
D056487	MESH		DOID:2044	
D013280	MESH		DOID:9637	
D018149	MESH		DOID:10603	
D008708	MESH		DOID:10783	
D007859			DOID:8927	
D017544	MESH		DOID:7693	
D015658	MESH		DOID:526	
D016472			DOID:231|DOID:230|DOID:4873	
D007638	MESH		DOID:12895	
D011317	MESH		DOID:9286	
D015493	MESH		DOID:321	
D019142	MESH		DOID:4325	
D008268	MESH		DOID:10871|DOID:4448	
D008641	MESH		DOID:13252	
D011559	MESH		DOID:11459	
D011001	MESH		DOID:14319	
D011776	MESH		DOID:1439	
D012208	MESH		DOID:3247	
D012202	MESH		DOID:14525	
D008582	MESH		DOID:12157	
D004774	MESH		DOID:12397	
D007706	MESH		DOID:1838	
D001988			DOID:2942	
D015270	MESH		DOID:2755	
D018567	MESH		DOID:1614	
D009203			DOID:5844	
D006558	MESH		DOID:8704	
D018227	MESH		DOID:4233	
D009205	MESH		DOID:820	
D006551	MESH		DOID:12642	
D018382	MESH		DOID:11633	
D020018	MESH		DOID:13868	
D003354	MESH		DOID:11405	
D016780	MESH		DOID:12978	
D006432	MESH		DOID:2352	
D003914	MESH		DOID:9565	
D003919	MESH		DOID:9409	
D028361	MESH		DOID:700	
D013159	MESH		DOID:2533	
D013158	MESH		DOID:2529	
D020331	MESH		DOID:13501	
D020330	MESH		DOID:12506	
D020339	MESH		DOID:6576|DOID:4992	
D020338	MESH		DOID:12683	
D004942	MESH		DOID:13976	
D004941	MESH		DOID:11963	
D016878	MESH		DOID:14039	
D002538	MESH		DOID:0060688	
D004948	MESH		DOID:9840|DOID:10293	
D002532	MESH		DOID:10941	
D019214	MESH		DOID:3086	
D018281			DOID:4928|DOID:4947	
D006333			DOID:6000	
D014820	MESH		DOID:12306	
D012797	MESH		DOID:12901	
D012790	MESH		DOID:3825	
D009041	MESH		DOID:2951	
D012793	MESH		DOID:10303	
D012554	MESH		DOID:0050597	
D020244	MESH		DOID:3525	
D020243	MESH		DOID:3528	
D012553	MESH		DOID:1394	
D020240	MESH		DOID:4627	
D003130	MESH		DOID:6950	
D003137	MESH		DOID:4137	
D003139	MESH		DOID:10459	
D004832	MESH		DOID:1825	
D004833	MESH		DOID:3328	
D004830	MESH		DOID:7725	
D004831	MESH		DOID:308	
D005368	MESH		DOID:1080	
D006548	MESH		DOID:3827	
D011625	MESH		DOID:0002116	
D016862	MESH		DOID:1638	
D006547	MESH		DOID:1283	
D054082	MESH		DOID:0050453	
D007890	MESH		DOID:5268|DOID:5264|DOID:1967	
D020790	MESH		DOID:12388	
D004443	MESH		DOID:1496	
D001847	MESH		DOID:0080001	
C537884	MESH		DOID:0060673	
D019966			DOID:303|DOID:302	
D019964	MESH		DOID:3324	
D019965			DOID:1561	
D004169	MESH		DOID:10075	
D014646	MESH		DOID:12337	
D001281			DOID:0060224	
D005329	MESH		DOID:1235	
D009468	MESH		DOID:440	
D001289			DOID:1094	
D014648	MESH		DOID:799	
D005706	MESH		DOID:3121	
D005705	MESH		DOID:0060262	
D006946	MESH		DOID:2018	
D009260	MESH		DOID:4123	
D006943			DOID:4195	
D010899	MESH		DOID:1129	
D018366	MESH		DOID:9809	
D004761	MESH		DOID:0060185	
D008545			DOID:1909	
D004381	MESH		DOID:1724	
D004382	MESH		DOID:8643	
D001063	MESH		DOID:11240|DOID:11239	
D002862	MESH		DOID:1562	
D014008	MESH		DOID:12403	
D010235	MESH		DOID:0050773	
D005674	MESH		DOID:11337	
D003866			DOID:4964|DOID:1595|DOID:2848	
D016883	MESH		DOID:1837	
D016889	MESH		DOID:1380|DOID:2871	
D008210	MESH		DOID:4347	
D010787	MESH		DOID:3159	
D007443	MESH		DOID:8446	
D020802	MESH		DOID:11387	
D013966	MESH		DOID:7166	
D013967	MESH		DOID:7188	
D029503	MESH		DOID:1339	
D018159	MESH		DOID:9848	
D020817	MESH		DOID:0050432	
D001660	MESH		DOID:9741	
D001661	MESH		DOID:4607	
D010000	MESH		DOID:3342	
D010309	MESH		DOID:10301	
D054517	MESH		DOID:11234	
D010300			DOID:14330	
D020936	MESH		DOID:14777|DOID:14264	
D010304	MESH		DOID:13117	
D010307	MESH		DOID:9036	
D007896	MESH		DOID:9065	
D015663	MESH		DOID:11476	
D010493	MESH		DOID:1787	
D010494	MESH		DOID:11481	
D015464	MESH		DOID:8552	
D008659	MESH		DOID:0014667	
D001714			DOID:3312	
D012512	MESH		DOID:3369	
D010009	MESH		DOID:12721|DOID:2256	
D006951	MESH		DOID:1168	
D011782	MESH		DOID:12697|DOID:12835	
D003881	MESH		DOID:1563	
D010547	MESH		DOID:13042	
D011546	MESH		DOID:0060855|DOID:0060854|DOID:4479	
D011547	MESH		DOID:4184	
D011017	MESH		DOID:3241	
D011014			DOID:552	
D011015	MESH		DOID:0050152|DOID:3240	
D016269	MESH		DOID:4376	
D012891	MESH		DOID:0050848	
D015209			DOID:14268	
D018310	MESH		DOID:2997	
D014522	MESH		DOID:732	
D016464	MESH		DOID:3211	
D018777	MESH		DOID:4661	
D016460	MESH		DOID:3777	
D054882	MESH		DOID:0050462	
C535908	MESH		DOID:560	
D056735	MESH		DOID:6688	
D015840	MESH		DOID:10866|DOID:10864|DOID:11550	
D016649	MESH		DOID:5426	
D016643	MESH		DOID:5435	
D016640			DOID:11714	
D007645	MESH		DOID:3390	
D020065	MESH		DOID:900	
D007647	MESH		DOID:2382	
D011164	MESH		DOID:13268	
D019190	MESH		DOID:12119	
D005955	MESH		DOID:2862	
D003929	MESH		DOID:9743|DOID:12785|DOID:11503	
D003389	MESH		DOID:5656|DOID:3817	
D003924			DOID:9352	
D013922	MESH		DOID:2228	
D013924	MESH		DOID:3875	
D003920			DOID:9351	
D003923	MESH		DOID:11712	
D017681	MESH		DOID:999	
D017682	MESH		DOID:9767	
D020324	MESH		DOID:5340	
D020325	MESH		DOID:10024	
D020326	MESH		DOID:12783	
D007762	MESH		DOID:1468	
D017689	MESH		DOID:1148	
D020329			DOID:4990	
D049310	MESH		DOID:11720	
D002528	MESH		DOID:4205	
D046350	MESH		DOID:4346	
D002526	MESH		DOID:2786	
D013322	MESH		DOID:10955	
D002095			DOID:10323	
D014813	MESH		DOID:11249	
D012811	MESH		DOID:1896	
D020258			DOID:3602	
C535761	MESH		DOID:2590	
D006395	MESH		DOID:801	
D006393	MESH		DOID:264	
D006392	MESH		DOID:483	
D014252	MESH		DOID:1255	
D008258	MESH		DOID:0060901|DOID:9080|DOID:0050747	
D014257	MESH		DOID:1252	
D006373	MESH		DOID:883	
D001171	MESH		DOID:676	
D002386			DOID:83	
D004415	MESH		DOID:2321	
D001177	MESH		DOID:14286	
D005128			DOID:5614	
D001478	MESH		DOID:2512	
D001477	MESH		DOID:445	
D001471	MESH		DOID:9206	
D009497	MESH		DOID:4964	
D009494	MESH		DOID:10035|DOID:10039|DOID:9988	
D005715	MESH		DOID:12399	
D006971	MESH		DOID:6376	
D006970	MESH		DOID:8619	
D006973			DOID:10763	
D006975	MESH		DOID:10762	
D006974	MESH		DOID:10824	
D006977	MESH		DOID:1073	
D006976	MESH		DOID:6432	
D006978	MESH		DOID:1591	
D008382	MESH		DOID:14323	
D051359	MESH		DOID:0050120	
D050197			DOID:2348|DOID:1936	
D004716	MESH		DOID:1002	
D004715			DOID:289	
D004719	MESH		DOID:12932	
C536063	MESH		DOID:0060849	
D001019	MESH		DOID:3627	
D001018	MESH		DOID:520	
D006344			DOID:1882	
D001014	MESH		DOID:3627	
D010229	MESH		DOID:12662	
D005391	MESH		DOID:12402	
D019512	MESH		DOID:4988	
D014077	MESH		DOID:2498	
D014076	MESH		DOID:1091	
D017600	MESH		DOID:166	
D016893	MESH		DOID:13001	
D009133	MESH		DOID:767	
D016891	MESH		DOID:0110861	
D003876	MESH		DOID:3310	
D051642	MESH		DOID:4231	
D001657	MESH		DOID:4140	
D001651	MESH		DOID:13619	
D001650	MESH		DOID:4606|DOID:4897	
D009668	MESH		DOID:2825	
D010310	MESH		DOID:4333	
D000380	MESH		DOID:12987	
D000381	MESH		DOID:4540	
C535393	MESH		DOID:0090028	
D015673	MESH		DOID:8544	
D007383	MESH		DOID:3669	
D010382	MESH		DOID:914	
D020511	MESH		DOID:439	
D007897	MESH		DOID:9155	
D010489	MESH		DOID:2964	
D010954	MESH		DOID:3721	
D007898	MESH		DOID:9146	
D015470			DOID:9119	
D015473	MESH		DOID:0060318	
D004806	MESH		DOID:5500|DOID:5505|DOID:4844|DOID:5075	
D029502	MESH		DOID:1342	
D010001	MESH		DOID:5408	
D010554	MESH		DOID:1509|DOID:2745	
D010007	MESH		DOID:84	
D007945	MESH		DOID:1037	
D010005	MESH		DOID:10393	
D007948	MESH		DOID:8864	
D024801	MESH		DOID:680	
D010927	MESH		DOID:3891	
D015154	MESH		DOID:9192	
D015210	MESH		DOID:13189	
D015211	MESH		DOID:905	
D015212			DOID:0050589	
D007767	MESH		DOID:13929	
D007766	MESH		DOID:1400|DOID:13757	
D011681	MESH		DOID:238	
D046768	MESH		DOID:13317	
D018589	MESH		DOID:11914	
D008538	MESH		DOID:3982	
D020176	MESH		DOID:9275	
D009155	MESH		DOID:4189	
D008531	MESH		DOID:11372	
D019698	MESH		DOID:1883	
D007006	MESH		DOID:1924	
D016410	MESH		DOID:0060061	
D007007	MESH		DOID:11155|DOID:11156	
D019693	MESH		DOID:2048	
D019694	MESH		DOID:2043	
D002813	MESH		DOID:3371	
D006069	MESH		DOID:7551	
D017237	MESH		DOID:890	
D007160	MESH		DOID:2916	
D015858	MESH		DOID:12273	
D007169	MESH		DOID:8504	
D056586	MESH		DOID:1584	
102530	OMIM		DOID:14227	
D005928	MESH		DOID:1456	
D018783	MESH		DOID:4762	
D005923	MESH		DOID:1312	
D047748	MESH		DOID:3946	
D013132	MESH		DOID:9277	
D013130	MESH		DOID:6725	
D003398	MESH		DOID:2340	
D003424	MESH		DOID:0060192|DOID:8778	
D003394	MESH		DOID:2339	
D005921	MESH		DOID:2921	
D046349	MESH		DOID:13269	
D019189	MESH		DOID:2351	
D012080	MESH		DOID:13068	
D003731			DOID:216	
D056693	MESH		DOID:14701	
D003551	MESH		DOID:10079	
D005585	MESH		DOID:4492	
D008947	MESH		DOID:3492	
D017043	MESH		DOID:9903	
D003784	MESH		DOID:5608	
D013684	MESH		DOID:1272	
D002062	MESH		DOID:2965|DOID:14188	
D013683	MESH		DOID:1270	
D009069	MESH		DOID:480|DOID:9854	
D008209	MESH		DOID:4977	
D001254			DOID:7008|DOID:7005|DOID:5077|DOID:6726|DOID:4851|DOID:3078|DOID:3069|DOID:6811|DOID:7007	
D003882	MESH		DOID:10223|DOID:14203	
D012532	MESH		DOID:8295	
D013919	MESH		DOID:12918	
D003930	MESH		DOID:8947	
D006562	MESH		DOID:8536	
D006561	MESH		DOID:8566	
D014245	MESH		DOID:1947	
D009396			DOID:2154	
D009397	MESH		DOID:12679	
D002607	MESH		DOID:10595	
D005148	MESH		DOID:3134	
D005499	MESH		DOID:4409	
D005141	MESH		DOID:530	
D013590	MESH		DOID:9856	
D018901	MESH		DOID:906	
D005142	MESH		DOID:2173	
D012626	MESH		DOID:5759	
D012791	MESH		DOID:4752	
D054061	MESH		DOID:5587	
D049950	MESH		DOID:11202	
D014591			DOID:345	
D009224	MESH		DOID:2106	
D002286	MESH		DOID:5050	
D007636	MESH		DOID:3149	
D002283	MESH		DOID:3904	
D002282	MESH		DOID:4926	
D002280			DOID:2513	
D001260	MESH		DOID:12704	
D002289	MESH		DOID:3908	
D002288	MESH		DOID:3030	
D006966	MESH		DOID:12700	
D006967			DOID:1205	
D006962	MESH		DOID:12466	
D006960	MESH		DOID:2977	
D054198			DOID:5600	
D004701	MESH		DOID:170	
C538090	MESH		DOID:4001	
D001008			DOID:2030	
D023903	MESH		DOID:4247	
D001002	MESH		DOID:2983	
D001004	MESH		DOID:3128	
D001005	MESH		DOID:4551|DOID:4908	
D001006	MESH		DOID:10488	
D014069	MESH		DOID:10456	
D014060	MESH		DOID:10944	
D008288	MESH		DOID:12365	
D014062	MESH		DOID:8649	
D014067	MESH		DOID:8858	
D020425	MESH		DOID:12171|DOID:12170	
D004454	MESH		DOID:4188	
D001649	MESH		DOID:4138	
D001480	MESH		DOID:679	
D055009	MESH		DOID:2247	
D002012	MESH		DOID:2846	
D054537	MESH		DOID:0050820	
D044584	MESH		DOID:3007	
D006394	MESH		DOID:0001816	
D001184	MESH		DOID:4186	
D008637	MESH		DOID:2668	
D015441	MESH		DOID:1025	
D015440	MESH		DOID:10887	
D008202	MESH		DOID:1475	
D011565	MESH		DOID:8893|DOID:4398	
D011561	MESH		DOID:2738	
D007951			DOID:8692|DOID:8593	
D007952	MESH		DOID:9513	
D015043	MESH		DOID:0050782	
D011218	MESH		DOID:11983	
D010612			DOID:2275	
D010610	MESH		DOID:0050741|DOID:0060119	
D010580	MESH		DOID:3852	
D034721	MESH		DOID:4798|DOID:349|DOID:4660	
D009837	MESH		DOID:3183|DOID:3181|DOID:3186|DOID:7912	
D011693	MESH		DOID:3326	
D011694	MESH		DOID:3325	
D011695	MESH		DOID:11123	
D011697	MESH		DOID:10772	
D008831	MESH		DOID:10907	
D024821			DOID:14221	
D036981	MESH		DOID:9600	
D005759	MESH		DOID:2326	
D001437	MESH		DOID:1412	
D011009			DOID:12522|DOID:10316	
D012983			DOID:0060123	
D017202			DOID:3393	
D015535	MESH		DOID:9008	
D007177	MESH		DOID:3401	
D007174	MESH		DOID:10937|DOID:12401|DOID:12400	
D011000	MESH		DOID:10882	
D054990	MESH		DOID:0050156	
D009902	MESH		DOID:1210	
D053098	MESH		DOID:0050445	
D002822	MESH		DOID:3594	
D011186	MESH		DOID:2364	
D013120	MESH		DOID:5612	
D013125	MESH		DOID:5612	
D003410	MESH		DOID:12580	
D006177	MESH		DOID:12698|DOID:11603	
D012186	MESH		DOID:5875	
D017119	MESH		DOID:3132	
D017118	MESH		DOID:3890	
D016750	MESH		DOID:13366	
D030342	MESH		DOID:630	
D020301	MESH		DOID:13100	
D003095	MESH		DOID:854	
D003093			DOID:8577	
D003092	MESH		DOID:0060180	
D017599	MESH		DOID:171	
D017590	MESH		DOID:636	
D020277	MESH		DOID:2536|DOID:5213	
D012507	MESH		DOID:11335	
D020275	MESH		DOID:12842	
D011778	MESH		DOID:11100	
D012509			DOID:6193|DOID:4235	
D054331	MESH		DOID:0050457	
C535700	MESH		DOID:5758	
D057973	MESH		DOID:0050699	
D005156	MESH		DOID:13865	
D013584	MESH		DOID:5485	
D005155	MESH		DOID:14075|DOID:1756	
D014277	MESH		DOID:12098	
D002613	MESH		DOID:0060312|DOID:1762	
D005158	MESH		DOID:13934	
D013272	MESH		DOID:76	
D013276	MESH		DOID:10808	
D018917	MESH		DOID:12010	
D012614	MESH		DOID:13724	
D002357	MESH		DOID:2557|DOID:1222	
D003677	MESH		DOID:5113	
D002277	MESH		DOID:4015|DOID:305	
D004605	MESH		DOID:12211	
D004604			DOID:4976	
D002295	MESH		DOID:2671	
D002296	MESH		DOID:4236	
D018357	MESH		DOID:1273	
D002292			DOID:4465|DOID:4464|DOID:4467|DOID:4473|DOID:4471|DOID:4450	
D002545			DOID:2316	
D001251	MESH		DOID:11782	
D018358	MESH		DOID:169	
D009230	MESH		DOID:11634	
D001929	MESH		DOID:4724	
D001927	MESH		DOID:936	
C537771	MESH		DOID:11014	
D000033	MESH		DOID:9667	
D009393	MESH		DOID:10952	
D009395	MESH		DOID:1063	
D009347	MESH		DOID:4968	
D011702	MESH		DOID:2744	
D012878	MESH		DOID:4159|DOID:3165	
C538421	MESH		DOID:0110734	
D007418	MESH		DOID:3878|DOID:8442	
D007415	MESH		DOID:8437	
D007414	MESH		DOID:4610|DOID:10155	
D007416	MESH		DOID:2074	
D007410	MESH		DOID:5295	
D004461	MESH		DOID:13593	
D001100	MESH		DOID:12156	
D001102	MESH		DOID:934	
D014123	MESH		DOID:9965	
D010373	MESH		DOID:5502	
D010378	MESH		DOID:13351	
D004184	MESH		DOID:1082	
D015456	MESH		DOID:9953	
D015451	MESH		DOID:1040	
D015458	MESH		DOID:715	
D015459	MESH		DOID:5603|DOID:0050523	
D000347	MESH		DOID:2236	
D013262	MESH		DOID:0050426	
D007562	MESH		DOID:11949	
D007567	MESH		DOID:2383	
D001749			DOID:11054	
D001748	MESH		DOID:13948	
D001745	MESH		DOID:365	
D001744	MESH		DOID:11355	
D007968	MESH		DOID:643	
D007960	MESH		DOID:9500	
D011225			DOID:10591	
D016506	MESH		DOID:0050429	
D007984	MESH		DOID:2696	
D000506	MESH		DOID:986	
D005833	MESH		DOID:120	
D005832	MESH		DOID:48	
D005834	MESH		DOID:3856	
D009072	MESH		DOID:13099	
D012628	MESH		DOID:8741	
D008231	MESH		DOID:614	
D038261	MESH		DOID:4252	
D011649	MESH		DOID:12120	
D056769	MESH		DOID:0050473	
D015529	MESH		DOID:899	
D007340	MESH		DOID:3892	
D005901	MESH		DOID:1686	
D005902	MESH		DOID:1067	
D005909	MESH		DOID:3068|DOID:3074	
D018437	MESH		DOID:606	
D009916	MESH		DOID:930	
D009914	MESH		DOID:5773	
D018438	MESH		DOID:14121	
D013118	MESH		DOID:319	
D010510	MESH		DOID:3388	
D007020	MESH		DOID:2235	
D007021			DOID:10892	
D017588	MESH		DOID:11613	
D003248	MESH		DOID:2089	
D000169	MESH		DOID:2722	
D003711	MESH		DOID:3213	
D003240	MESH		DOID:65	
D003715	MESH		DOID:12205	
D055496	MESH		DOID:13419	
D017565	MESH		DOID:13406	
D012516	MESH		DOID:3347	
D012514	MESH		DOID:8632	
D017563			DOID:3082	
D000544			DOID:10652	
D013064	MESH		DOID:92	
D010439	MESH		DOID:752	
D000274	MESH		DOID:3928	
D002446	MESH		DOID:10608	
188890	OMIM		DOID:0050742	
D003409	MESH		DOID:0050328	
D018290	MESH		DOID:8991	
D018921	MESH		DOID:12986	
D018923	MESH		DOID:4491	
D014262	MESH		DOID:4080	
D014917	MESH		DOID:1116	
D006349	MESH		DOID:4079	
D009134	MESH		DOID:318|DOID:12377	
D009135	MESH		DOID:423	
D009136	MESH		DOID:9884	
D006345			DOID:1657	
D006343	MESH		DOID:1681	
D012608	MESH		DOID:5434	
D020516	MESH		DOID:3690	
D020514	MESH		DOID:14452	
D003668	MESH		DOID:8717	
D013281	MESH		DOID:9663	
D008199	MESH		DOID:1602	
D008193	MESH		DOID:11729	
D001249			DOID:2841	
D005235	MESH		DOID:9452	
D005234			DOID:9452	
D014604	MESH		DOID:3479	
D014605	MESH		DOID:13141	
D014606	MESH		DOID:1407	
D014607	MESH		DOID:12297	
D009220	MESH		DOID:633	
D006849	MESH		DOID:10908|DOID:1573|DOID:14159	
D009223	MESH		DOID:11722	
D014594			DOID:363	
D020429	MESH		DOID:1187	
D020428	MESH		DOID:4196	
D055623	MESH		DOID:8866	
D020422	MESH		DOID:1188	
D020421	MESH		DOID:12491	
D020427	MESH		DOID:4201|DOID:6925	
D020426	MESH		DOID:12528|DOID:11446	
D001932			DOID:1319	
D020424	MESH		DOID:4613	
D001022	MESH		DOID:57	
D001024	MESH		DOID:1712	
D001025	MESH		DOID:519	
D019522	MESH		DOID:3767	
D026681	MESH		DOID:8455	
D002032	MESH		DOID:12129	
D042883	MESH		DOID:11755	
D031300	MESH		DOID:11563	
D006831	MESH		DOID:8488	
D006832	MESH		DOID:4626	
D002825	MESH		DOID:8886	
D000752	MESH		DOID:13381	
D000751	MESH		DOID:11244	
D007409	MESH		DOID:10486	
D000756	MESH		DOID:8955	
D000755	MESH		DOID:10923	
D000196	MESH		DOID:8478	
C536380	MESH		DOID:8931	
D004476	MESH		DOID:14693	
D006961	MESH		DOID:13543	
D004700	MESH		DOID:28	
D008175			DOID:3683	
D008173	MESH		DOID:2320	
D008171			DOID:850	
D014136	MESH		DOID:9392	
D014134	MESH		DOID:248	
D014135	MESH		DOID:3227	
D014133	MESH		DOID:3225	
D054559	MESH		DOID:0050459	
D016104	MESH		DOID:12215	
D006106	MESH		DOID:2999	
D015423	MESH		DOID:13452	
D015422	MESH		DOID:11343	
D000377	MESH		DOID:4090	
D000379	MESH		DOID:593	
D002539	MESH		DOID:3527	
D009748	MESH		DOID:374	
D001759	MESH		DOID:12663	
D011507			DOID:576	
D001750	MESH		DOID:12143	
D051677	MESH		DOID:1907	
D007973	MESH		DOID:3766	
D007970	MESH		DOID:615	
D020192	MESH		DOID:3534	
D020191	MESH		DOID:891|DOID:0060162	
D020190	MESH		DOID:4890	
D020195	MESH		DOID:2548	
D020194	MESH		DOID:3535	
D019082	MESH		DOID:14692	
D015834	MESH		DOID:5463	
D011349	MESH		DOID:3127	
D010123	MESH		DOID:7457	
D011654	MESH		DOID:11396	
D011655			DOID:9477	
D011657	MESH		DOID:5870|DOID:9498|DOID:9503	
D011658			DOID:3770|DOID:2797	
D012829			DOID:10325	
D015882	MESH		DOID:3611	
D005910			DOID:3070|DOID:5076	
D003324	MESH		DOID:3393	
D003323	MESH		DOID:3362	
D012859	MESH		DOID:12894	
D012857	MESH		DOID:758	
D012851	MESH		DOID:3572	
D012295	MESH		DOID:1328	
D006316	MESH		DOID:10003	
D008661	MESH		DOID:655	
D016778	MESH		DOID:14067	
D016779	MESH		DOID:14069	
D016773	MESH		DOID:9111	
D014435	MESH		DOID:13258	
D019263	MESH		DOID:12139	
D052256	MESH		DOID:971	
D041761	MESH		DOID:11151	
D045822	MESH		DOID:8445	
D002581	MESH		DOID:9681	
D002583			DOID:4362	
D002493	MESH		DOID:331	
D003877	MESH		DOID:2773	
D012078	MESH		DOID:2972	
D003874	MESH		DOID:8505	
D003872	MESH		DOID:2723	
D020526	MESH		DOID:3523	
D010760	MESH		DOID:2485	
D006111	MESH		DOID:12361	
D006486	MESH		DOID:12119	
D017484	MESH		DOID:4407	
D020522	MESH		DOID:0050746	
D017488	MESH		DOID:4603	
D005134	MESH		DOID:2174	
D018285	MESH		DOID:4927	
D018287			DOID:4552	
D018288	MESH		DOID:5411	
D014927	MESH		DOID:384	
D009101			DOID:9538	
D009103			DOID:2377	
D002054	MESH		DOID:4331	
D017449			DOID:3042	
D003699	MESH		DOID:2047	
D002051			DOID:8584	
D014854	MESH		DOID:3522	
D012128			DOID:11394	
D003693	MESH		DOID:8645	
D002128	MESH		DOID:10575	
D005076			DOID:0050486	
D008181	MESH		DOID:0080162	
D002294			DOID:0050865|DOID:1749	
D009214	MESH		DOID:2691	
D009216	MESH		DOID:11830	
D045602	MESH		DOID:10602	
D006932	MESH		DOID:2741	
D054144	MESH		DOID:9775	
D054143	MESH		DOID:9651	
D020431	MESH		DOID:367	
D020432	MESH		DOID:13864	
D020434	MESH		DOID:10865	
D020435	MESH		DOID:14423|DOID:7558	
D001906	MESH		DOID:11976	
D012555	MESH		DOID:0050597	
D007818	MESH		DOID:786	
D004067	MESH		DOID:3119	
D004066	MESH		DOID:77	
D009369			DOID:162	
D000987	MESH		DOID:10939	
D004660	MESH		DOID:9588	
D000740			DOID:2355	
D000741	MESH		DOID:12449	
D000743	MESH		DOID:583	
D000744	MESH		DOID:718	
D000747	MESH		DOID:11759	
D000748	MESH		DOID:2361	
D000749	MESH		DOID:13382	
D010282	MESH		DOID:7608|DOID:1540	
D000405	MESH		DOID:4267	
D004403	MESH		DOID:13250|DOID:12384	
D001162	MESH		DOID:5160	
D013543	MESH		DOID:1383	
D015432	MESH		DOID:2920	
D007500	MESH		DOID:1406	
D015434	MESH		DOID:1526	
D010916	MESH		DOID:9212	
D015439	MESH		DOID:1023	
D001764	MESH		DOID:529	
D009755	MESH		DOID:8499	
D001763	MESH		DOID:0060260	
D001762	MESH		DOID:9423	
D009759	MESH		DOID:13174|DOID:9650|DOID:11771	
D000361	MESH		DOID:2583	
D011535	MESH		DOID:0060889	
D018636	MESH		DOID:9955	
D020852	MESH		DOID:11729	
D005185	MESH		DOID:1963|DOID:1964	
D011085	MESH		DOID:11612	
D020182	MESH		DOID:9220	
D011086	MESH		DOID:8432	
D020186	MESH		DOID:2846	
D020187	MESH		DOID:9091	
D020189	MESH		DOID:9207	
D010623	MESH		DOID:5062	
D008577	MESH		DOID:3565	
D008575	MESH		DOID:9849	
D008579			DOID:3565|DOID:7210|DOID:4588|DOID:4587|DOID:3772|DOID:1138|DOID:8057|DOID:4594|DOID:7213|DOID:7212|DOID:4210|DOID:6114|DOID:6548|DOID:7211|DOID:6869|DOID:4141	
D000568	MESH		DOID:13938	
D000562	MESH		DOID:9181	
D013202	MESH		DOID:96	
D052245	MESH		DOID:0050439	
D011660			DOID:8515	
D011665	MESH		DOID:14265	
D011666			DOID:6420	
D011668	MESH		DOID:5453	
D008881	MESH		DOID:6364	
D008059	MESH		DOID:12802	
D014899	MESH		DOID:2384	
D023981	MESH		DOID:8683	
D018410	MESH		DOID:874	
D016569	MESH		DOID:10348	
D011248			DOID:780	
D016706	MESH		DOID:14256	
D007037			DOID:1459	
D007039	MESH		DOID:4535	
D054438	MESH		DOID:0060597	
D013001			DOID:4737|DOID:13918	
D003047	MESH		DOID:13450	
D009021	MESH		DOID:2560	
D006030	MESH		DOID:9432	
D020225	MESH		DOID:3576	
D003865			DOID:1470	
D020227	MESH		DOID:3574	
D017545	MESH		DOID:14004	
D017492	MESH		DOID:6498	
D006103	MESH		DOID:9072	
D017497	MESH		DOID:2280	
D017499	MESH		DOID:3805	
D002481			DOID:3488	
D008113			DOID:3571	
D007969	MESH		DOID:13088	
D013716	MESH		DOID:14087	
D006323	MESH		DOID:0060319	
D052880	MESH		DOID:876	
D014848	MESH		DOID:2273	
D013398			DOID:9007	
D014846	MESH		DOID:1245	
D014847	MESH		DOID:3901	
D014845	MESH		DOID:2059	
D014623	MESH		DOID:121	
D014627	MESH		DOID:2170	
D014625	MESH		DOID:119	
D001228	MESH		DOID:13564	
D001229	MESH		DOID:13166	
D007889			DOID:13223|DOID:127	
D009202	MESH		DOID:0050700	
D019896	MESH		DOID:13372	
D006925	MESH		DOID:10074	
D005211	MESH		DOID:885	
D009209	MESH		DOID:431	
D006258	MESH		DOID:11934	
D013625	MESH		DOID:2508	
D001449			DOID:3052	
D005693	MESH		DOID:14695|DOID:9870	
D008080	MESH		DOID:5702|DOID:3382	
D008088	MESH		DOID:11573	
D002805	MESH		DOID:1156	
D002806	MESH		DOID:2581	
D014718	MESH		DOID:9620	
D014717	MESH		DOID:2479	
D014715	MESH		DOID:223|DOID:13095|DOID:13003	
D019305	MESH		DOID:3329	
D006819	MESH		DOID:12716	
D006816	MESH		DOID:12858	
D009375	MESH		DOID:305	
D009373			DOID:688|DOID:2994|DOID:3095	
D004673	MESH		DOID:639|DOID:13664	
D004678	MESH		DOID:2034	
D004679	MESH		DOID:640	
C537630	MESH		DOID:0111079	
D001170	MESH		DOID:813	
D001172			DOID:7148	
D004413	MESH		DOID:1934	
D000172	MESH		DOID:2449	
D000881	MESH		DOID:7427	
D003057	MESH		DOID:2962	
D003110			DOID:219|DOID:235	
D008527			DOID:0050902|DOID:3864|DOID:3868|DOID:3861|DOID:3869	
D007511	MESH		DOID:326	
D010383	MESH		DOID:8457	
D029481			DOID:6132	
D007516	MESH		DOID:1799|DOID:3892	
D010437	MESH		DOID:750	
D001157	MESH		DOID:341	
D010921	MESH		DOID:4744	
D010922	MESH		DOID:780	
D009765			DOID:9970	
D001778	MESH		DOID:1247	
D000310	MESH		DOID:3953	
D021441	MESH		DOID:3587	
D011528	MESH		DOID:2789	
C562393	MESH		DOID:8923	
C531609	MESH		DOID:0060157	
D011371	MESH		DOID:3911	
D000224	MESH		DOID:13774	
D000550	MESH		DOID:10376|DOID:10375	
D015715	MESH		DOID:11030	
D000795	MESH		DOID:14499	
D012173	MESH		DOID:3612|DOID:10176	
D000793	MESH		DOID:13401	
D000799	MESH		DOID:1558	
D007680	MESH		DOID:263	
D007681	MESH		DOID:2981	
D029242	MESH		DOID:705	
D007683	MESH		DOID:12556	
D015576	MESH		DOID:205	
D011671	MESH		DOID:11121	
D020083	MESH		DOID:13677	
C562730	MESH		DOID:4914	
D008415	MESH		DOID:350	
D008413	MESH		DOID:10690	
D016603	MESH		DOID:998	
D009783	MESH		DOID:4404	
D011707	MESH		DOID:12639	
D011704	MESH		DOID:11400	
D012871			DOID:37	
D012872	MESH		DOID:2731|DOID:8508	
D007674			DOID:557	
D007676			DOID:784	
D012279	MESH		DOID:10609	
D056889	MESH		DOID:0050476	
D007027	MESH		DOID:1931|DOID:6676	
D020152	MESH		DOID:3755	
D020151	MESH		DOID:3756	
D003218	MESH		DOID:11168	
D020158	MESH		DOID:9268	
D019043	MESH		DOID:175	
D019042	MESH		DOID:4045|DOID:461	
D006009	MESH		DOID:2752	
D006008	MESH		DOID:2747	
D017029	MESH		DOID:12382	
D012019	MESH		DOID:1811	
D020232	MESH		DOID:2510	
D012010	MESH		DOID:1340	
D020236	MESH		DOID:13027	
D020235	MESH		DOID:4260	
D016393	MESH		DOID:707	
D003329	MESH		DOID:11840	
D003328	MESH		DOID:11847	
D003327			DOID:3393	
D003457	MESH		DOID:1733	
D003456			DOID:11383	
D004421	MESH		DOID:543	
D003453	MESH		DOID:12053	
D003320	MESH		DOID:8463	
D014437	MESH		DOID:11256	
D006646	MESH		DOID:2571	
D006319	MESH		DOID:10003	
D006484	MESH		DOID:9746	
D017445	MESH		DOID:9540	
D006480	MESH		DOID:11266	
D020520	MESH		DOID:3454	
D020521			DOID:6713	
D013700	MESH		DOID:13375	
D020528	MESH		DOID:0050784|DOID:0050785|DOID:0050783	
D020529	MESH		DOID:2378	
D006986	MESH		DOID:9972	
D004935	MESH		DOID:6050	
D004933	MESH		DOID:10485	
D004931	MESH		DOID:13186|DOID:9164	
D004938			DOID:5041	
D005203			DOID:14453|DOID:2708	
D014385	MESH		DOID:404	
D005208	MESH		DOID:9598	
D014890			DOID:12132	
D019867	MESH		DOID:9808	
D014898	MESH		DOID:5688	
D020417	MESH		DOID:9649	
D005067	MESH		DOID:2856	
D002812	MESH		DOID:2602	
D002817	MESH		DOID:3302	
D006869	MESH		DOID:11111	
D018240	MESH		DOID:1911	
D018241	MESH		DOID:3369	
D018242			DOID:0050902|DOID:4790|DOID:7398|DOID:4794	
D018243	MESH		DOID:3305	
D009303	MESH		DOID:9261	
D009304	MESH		DOID:10460	
D004427	MESH		DOID:2742	
D004422	MESH		DOID:0050835	
D016727	MESH		DOID:9369	
D004428	MESH		DOID:833|DOID:5101	
D007634	MESH		DOID:4677	
C536778	MESH		DOID:14365	
D000168	MESH		DOID:12960|DOID:14768|DOID:14705	
D000160	MESH		DOID:12657	
D000163	MESH		DOID:635	
C536773	MESH		DOID:4157	
D054747	MESH		DOID:8580	
D016921	MESH		DOID:11608	
D016920	MESH		DOID:9470	
D016584	MESH		DOID:594	
