CTD MESH/OMIM 	 type  	 CTD names 
D044148	MESH	Lymphatic Abnormalities
D001922	MESH	Brain Abscess
D020323	MESH	Tics
D001247		Asthenia
D000788	MESH	Angina Pectoris, Variant
D020863	MESH	Central Nervous System Cysts
D002559	MESH	Cerebrospinal Fluid Rhinorrhea
D052858	MESH	Cystocele
D004489	MESH	Edema, Cardiac
D045828	MESH	Moraxellaceae Infections
C567938	MESH	Anorectal Anomalies
D014949	MESH	Wounds, Nonpenetrating
D008546	MESH	Melanoma, Experimental
D005242	MESH	Fecal Incontinence
C537030	MESH	Lipomyelomeningocele
D001926	MESH	Brain Death
D049188	MESH	Prenatal Injuries
D013121	MESH	Spinal Curvatures
D013163	MESH	Splenomegaly
D046748	MESH	Hematoma, Epidural, Spinal
C564013	MESH	Deafness, Aminoglycoside-Induced
D013616	MESH	Tachycardia, Sinus
C536797	MESH	Chromosome 22, microdeletion 22 q11
D014653	MESH	Vascular Headaches
D020199	MESH	Hematoma, Subdural, Acute
D004412	MESH	Dysmenorrhea
D006947	MESH	Hyperkalemia
D018327	MESH	Hutchinson's Melanotic Freckle
D015431	MESH	Weight Loss
D020261		Arsenic Poisoning
D012422	MESH	Rupture, Spontaneous
C537150	MESH	Hypoglycemia, leucine-induced
C538543	MESH	Preeclamptic toxemia
C572845	MESH	Thyroid cancer, follicular
D059265	MESH	Visceral Pain
D014570	MESH	Urologic Diseases
D006317	MESH	Hearing Loss, Noise-Induced
C565891	MESH	Calcification of Joints and Arteries
D009444	MESH	Neuritis, Autoimmune, Experimental
D018658	MESH	Ventricular Septal Rupture
D018496	MESH	Hyperoxia
D003681	MESH	Dehydration
D052456	MESH	Hypoalphalipoproteinemias
D015461	MESH	Leukemia, Prolymphocytic, T-Cell
C565846	MESH	Copper Toxicosis, Idiopathic
D008551	MESH	Melena
C535953	MESH	Eosinophilic pustular folliculitis
D014860	MESH	Warts
D050723	MESH	Fractures, Bone
D007669	MESH	Kidney Calculi
D002105	MESH	Cadmium Poisoning
D007571	MESH	Jaw Diseases
D009361	MESH	Neoplasm Invasiveness
D009336	MESH	Necrosis
C536421	MESH	Prinzmetal's variant angina
D028227	MESH	Amyloid Neuropathies, Familial
D004401	MESH	Dysarthria
613290	OMIM	HEARING LOSS, CISPLATIN-INDUCED, SUSCEPTIBILITY TO
C537860	MESH	Occipital horn syndrome
D012562	MESH	Schizophrenia, Disorganized
D017285	MESH	Polymyositis
D006314	MESH	Hearing Loss, Conductive
D019048	MESH	Prostatic Intraepithelial Neoplasia
D048550	MESH	Hepatic Insufficiency
D054549	MESH	Takotsubo Cardiomyopathy
D006930	MESH	Hyperalgesia
D005926	MESH	Glossalgia
D004393	MESH	Dwarfism, Pituitary
D009750	MESH	Nutritional and Metabolic Diseases
D011832	MESH	Radiation Injuries
D011230	MESH	Precancerous Conditions
D013529	MESH	Surgical Wound Dehiscence
D057774	MESH	Post-Exercise Hypotension
D005183	MESH	Failure to Thrive
D063646	MESH	Carcinogenesis
D017036	MESH	Epilepsia Partialis Continua
D003655	MESH	Decerebrate State
D054243	MESH	Vesicular Stomatitis
C536595	MESH	Alzheimer disease type 2
D010149	MESH	Pain, Postoperative
D013706	MESH	Temporomandibular Joint Dysfunction Syndrome
D006987	MESH	Hypesthesia
C538499	MESH	Erythema migrans, lingual
D015769	MESH	Granuloma, Respiratory Tract
D053608	MESH	Stupor
D014339	MESH	Truncus Arteriosus, Persistent
D054218		Precursor T-Cell Lymphoblastic Leukemia-Lymphoma
D005117	MESH	Cardiac Complexes, Premature
D054141	MESH	Ventricular Flutter
248310	OMIM	PLASMODIUM FALCIPARUM BLOOD INFECTION LEVEL
D001747	MESH	Urinary Bladder Fistula
D000014	MESH	Abnormalities, Drug-Induced
D020268	MESH	Alcohol-Induced Disorders, Nervous System
D001146	MESH	Arrhythmia, Sinus
D011696	MESH	Purpura, Thrombocytopenic
C536404	MESH	Nephrotic syndrome, idiopathic, steroid-resistant
D054989	MESH	Nephrogenic Fibrosing Dermopathy
D014855	MESH	Wallerian Degeneration
C536855	MESH	Fanconi like syndrome
D010996	MESH	Pleural Effusion
D007662	MESH	Ketosis
D006620	MESH	Hip Fractures
D004614	MESH	Emaciation
D057049	MESH	Thrombotic Microangiopathies
D009377	MESH	Multiple Endocrine Neoplasia
D011644	MESH	Puerperal Disorders
D007154	MESH	Immune System Diseases
D010262	MESH	Paraphilic Disorders
D017824	MESH	Bone Cysts, Aneurysmal
C562565	MESH	Uterine Anomalies
D021782	MESH	Multicystic Dysplastic Kidney
D018256	MESH	Adenomatous Polyps
D008303	MESH	Malignant Carcinoid Syndrome
D052439	MESH	Lipid Metabolism Disorders
D012466	MESH	Salivary Gland Diseases
D011273	MESH	Pregnancy, Prolonged
D014693	MESH	Ventricular Fibrillation
D003072		Cognition Disorders
D020720	MESH	Myasthenia Gravis, Autoimmune, Experimental
D004417		Dyspnea
C562942	MESH	Aortic Valve, Calcification of
D047928		Premature Birth
D006848	MESH	Testicular Hydrocele
C537844	MESH	Nonseminomatous germ cell tumor
D004890	MESH	Erythema
D009358	MESH	Congenital, Hereditary, and Neonatal Diseases and Abnormalities
D007046	MESH	Hysteria
D019046	MESH	Bone Marrow Neoplasms
D061206	MESH	Neoplasm Micrometastasis
D005393	MESH	Fish Diseases
D000402	MESH	Airway Obstruction
D003085	MESH	Colic
D005596	MESH	Fractures, Closed
D014592	MESH	Uterine Hemorrhage
C538169	MESH	Acitretin embryopathy
D004842	MESH	Epispadias
D020212	MESH	Carotid Artery Injuries
D001832	MESH	Body Temperature Changes
D008201	MESH	Lymphangiectasis, Intestinal
D012206	MESH	Rhabdomyolysis
D019315	MESH	Retrobulbar Hemorrhage
D058426	MESH	Neointima
D034141	MESH	Hypoalbuminemia
D010243	MESH	Paralysis
D046449	MESH	Hernia, Abdominal
D003639	MESH	Hearing Loss, Sudden
D001176	MESH	Arthrogryposis
D010591	MESH	Phantom Limb
C563733		Carotid Intimal Medial Thickness 1
D006972	MESH	Hypertelorism
D006228	MESH	Hand Deformities, Congenital
C535464		Conotruncal cardiac defects
D005264	MESH	Femoral Fractures
D009128	MESH	Muscle Spasticity
D011512	MESH	Proteus Infections
D056648	MESH	Anti-Neutrophil Cytoplasmic Antibody-Associated Vasculitis
C537996	MESH	Dysgnathia complex
C537152	MESH	Hypomagnesemia 2, renal
D051516	MESH	Hemospermia
D018827	MESH	Carcinoma, Lewis Lung
D008286	MESH	Malabsorption Syndromes
D012749	MESH	Sexually Transmitted Diseases
D006473	MESH	Postpartum Hemorrhage
C538011	MESH	Eales disease
D013207	MESH	Staphylococcal Skin Infections
D017379	MESH	Hypertrophy, Left Ventricular
D006332	MESH	Cardiomegaly
D002385	MESH	Cataplexy
D010508	MESH	Periodontal Abscess
D057767	MESH	Kashin-Beck Disease
D012183	MESH	Retrograde Degeneration
D020211	MESH	Autonomic Dysreflexia
D015207	MESH	Osteoarthritis, Hip
D010014	MESH	Osteolysis
D019282	MESH	Wasting Syndrome
D013375	MESH	Substance Withdrawal Syndrome
D007405	MESH	Intervertebral Disc Displacement
D004884	MESH	Eructation
D011833	MESH	Radiation Injuries, Experimental
D020370	MESH	Osteoarthritis, Knee
D054391	MESH	Lymphoma, Extranodal NK-T-Cell
D014545	MESH	Urinary Calculi
146850	OMIM	IMMUNE SUPPRESSION
D012480	MESH	Salmonella Infections
D002637	MESH	Chest Pain
D019569	MESH	Hemifacial Spasm
D056151	MESH	Airway Remodeling
D056647	MESH	Systemic Vasculitis
D014811	MESH	Vitamin E Deficiency
D012127	MESH	Respiratory Distress Syndrome, Newborn
C537417	MESH	Butyrylcholinesterase deficiency
D000382		Agricultural Workers' Diseases
D000853	MESH	Anophthalmos
D008114	MESH	Liver Neoplasms, Experimental
D020262		Mercury Poisoning, Nervous System
D044342		Malnutrition
D019557	MESH	Dermatitis, Perioral
D053201	MESH	Urinary Bladder, Overactive
D002275	MESH	Carcinoid Heart Disease
C531755	MESH	Kidney disorder involving deposition of calcium and oxalate or phosphate in the renal tubules
D003330	MESH	Coronary Vessel Anomalies
D020198	MESH	Intracranial Hemorrhage, Traumatic
D010272	MESH	Parasitic Diseases
D004065	MESH	Digestive System Abnormalities
D006945	MESH	Hyperhidrosis
D005334		Fever
D005126		Eye Burns
D006029	MESH	Glycosuria
D009999	MESH	Ossification, Heterotopic
D000430	MESH	Alcohol Withdrawal Delirium
D005316	MESH	Fetal Distress
D006099	MESH	Granuloma
D005494	MESH	Folic Acid Deficiency
D008992	MESH	Monkey Diseases
D007333		Insulin Resistance
D018450		Disease Progression
D012021		Reflex, Abnormal
D018908	MESH	Muscle Weakness
D062025	MESH	Organophosphate Poisoning
D001836	MESH	Body Weight Changes
D014806	MESH	Vitamin B 12 Deficiency
D016720	MESH	Pneumocystis Infections
D007238	MESH	Infarction
D020246	MESH	Venous Thrombosis
D003244	MESH	Consciousness Disorders
D011183	MESH	Postoperative Complications
C540770	MESH	Mitochondrial cytopathy
D016863	MESH	Bacillaceae Infections
D013345	MESH	Subarachnoid Hemorrhage
D055964	MESH	Alien Hand Syndrome
D020200	MESH	Hematoma, Subdural, Chronic
D011529	MESH	Protozoan Infections, Animal
D020265		Lead Poisoning, Nervous System, Adult
D053718	MESH	Scleromyxedema
D019967	MESH	Schizophrenia Spectrum and Other Psychotic Disorders
D006734	MESH	Horse Diseases
D017088	MESH	AIDS-Related Opportunistic Infections
D013613	MESH	Tachycardia, Ectopic Junctional
D009127	MESH	Muscle Rigidity
D019969	MESH	Amphetamine-Related Disorders
C531795	MESH	Idiopathic intracranial hypertension with papilledema
D013651	MESH	Taste Disorders
C537268	MESH	Formaldehyde poisoning
D006222	MESH	Hamartoma
D017566	MESH	Microvascular Angina
C531616	MESH	Primary amyloidosis
D002252	MESH	Carbon Tetrachloride Poisoning
D006491	MESH	Hemothorax
D008230	MESH	Lymphomatoid Granulomatosis
D015877	MESH	Miosis
D009436		Neural Tube Defects
D001165	MESH	Arteriovenous Malformations
D020267	MESH	MPTP Poisoning
D012798	MESH	Sialorrhea
D005157	MESH	Facial Pain
D013978	MESH	Tibial Fractures
C538481	MESH	Acquired CJD
D058866	MESH	Osteoporotic Fractures
D014188		Transposition of Great Vessels
D001167	MESH	Arteritis
D010048	MESH	Ovarian Cysts
D054084	MESH	Myocardial Bridging
D013217	MESH	Starvation
D044504	MESH	Enterocolitis, Neutropenic
D004756	MESH	Enterobacteriaceae Infections
D050031	MESH	Hashimoto Disease
D020751	MESH	Alcohol-Induced Disorders
D058226		Plaque, Atherosclerotic
D054059	MESH	Coronary Occlusion
D066087	MESH	Perinatal Death
D056987	MESH	Vasoplegia
C567144	MESH	Anemia, Hypochromic Microcytic, With Iron Overload
D005627	MESH	Frostbite
D012185	MESH	Retroperitoneal Fibrosis
D020886		Somatosensory Disorders
D001264	MESH	Athetosis
D004646	MESH	Emphysema
D015228	MESH	Hypertriglyceridemia
D014313	MESH	Trismus
D004244		Dizziness
D018883	MESH	Heat Stroke
D005885	MESH	Gingival Hyperplasia
D013923	MESH	Thromboembolism
D045262	MESH	Reticulocytosis
D018879	MESH	Ventricular Premature Complexes
D009062	MESH	Mouth Neoplasms
D061205	MESH	Vascular Calcification
D009123	MESH	Muscle Hypotonia
D017880	MESH	Limb Deformities, Congenital
C536694	MESH	Westphal disease
C564945	MESH	Neuropathy, Painful
D016403		Lymphoma, Large B-Cell, Diffuse
D003294	MESH	Seizures, Febrile
D000189	MESH	Actinobacillus Infections
D018323	MESH	Hemangioendothelioma, Epithelioid
D016483	MESH	Lymphoma, AIDS-Related
D011008	MESH	Pneumococcal Infections
D006968	MESH	Hypersensitivity, Delayed
D015745	MESH	Granuloma, Foreign-Body
D012510	MESH	Sarcoma 180
D017728	MESH	Lymphoma, Large-Cell, Anaplastic
D001201	MESH	Ascites
D007911	MESH	Lentigo
C537372	MESH	Multi-centric Castleman's Disease
D007049	MESH	Iatrogenic Disease
D017486	MESH	Acneiform Eruptions
D055953	MESH	Microscopic Polyangiitis
D007235	MESH	Infant, Premature, Diseases
D020924	MESH	Urological Manifestations
D063647	MESH	Fetal Alcohol Spectrum Disorders
D015430	MESH	Weight Gain
D005414	MESH	Flatulence
D005734	MESH	Gangrene
D020739	MESH	Brain Diseases, Metabolic, Inborn
D056627	MESH	Peritoneal Fibrosis
D002690	MESH	Chlamydia Infections
C563161	MESH	Hypertensive Nephropathy
D001206	MESH	Ascorbic Acid Deficiency
D009423	MESH	Nervous System Neoplasms
D006259	MESH	Craniocerebral Trauma
D010192	MESH	Pancreatic Pseudocyst
D011251	MESH	Pregnancy Complications, Infectious
D007319	MESH	Sleep Initiation and Maintenance Disorders
D023341	MESH	Chills
D059366		Asthma, Occupational
D036841		Ciguatera Poisoning
D008109	MESH	Liver Diseases, Parasitic
D011488	MESH	Protein Deficiency
D005207	MESH	Fasciculation
D015746	MESH	Abdominal Pain
D020260	MESH	Heavy Metal Poisoning, Nervous System
D006935	MESH	Hypercapnia
C562573	MESH	Cyclopia
D009784		Occupational Diseases
D002916	MESH	Chylothorax
D000208		Acute Disease
D005221		Fatigue
D020179	MESH	Jet Lag Syndrome
D000798	MESH	Angiomatosis
C536357	MESH	Anemia, hypochromic microcytic
D003384	MESH	Coxsackievirus Infections
D004619	MESH	Embolism, Amniotic Fluid
D012774	MESH	Shock, Traumatic
D007077	MESH	Ileal Diseases
D027601	MESH	Polyomavirus Infections
D048629		Micronuclei, Chromosome-Defective
D017512	MESH	Lichenoid Eruptions
D008998		Monoclonal Gammopathy of Undetermined Significance
D055111	MESH	Failed Back Surgery Syndrome
D006529	MESH	Hepatomegaly
D008174	MESH	Lung Diseases, Parasitic
D006941	MESH	Hyperesthesia
C536312	MESH	Juvenile pauciarticular chronic arthritis
D022124	MESH	Hyperammonemia
D004438	MESH	Ecchymosis
D058926	MESH	Intraoperative Awareness
D002832	MESH	Choroid Hemorrhage
D006725	MESH	Hookworm Infections
D009058	MESH	Mouth Breathing
D009386	MESH	Neoplastic Syndromes, Hereditary
D013180	MESH	Sprains and Strains
D058447		Eye Pain
D017495		Hyperpigmentation
C538458	MESH	Rapidly progressive glomerulonephritis with pulmonary hemorrhage
D004283	MESH	Dog Diseases
D012140		Respiratory Tract Diseases
D010939	MESH	Plant Poisoning
D012818		Signs and Symptoms, Respiratory
D007871	MESH	Leg Ulcer
D055013	MESH	Osteoarthritis, Spine
D016489	MESH	Head Injuries, Closed
D009421	MESH	Nervous System Malformations
C535438	MESH	Bidirectional tachycardia
C536522	MESH	Vacuolar myopathy
D020433	MESH	Trigeminal Nerve Diseases
D014565	MESH	Urogenital Neoplasms
D004681	MESH	Encephalomyelitis, Autoimmune, Experimental
D000855	MESH	Anorexia
D042882	MESH	Gallstones
D014098	MESH	Toothache
D007417	MESH	Intestinal Polyps
D004940	MESH	Esophageal Stenosis
C538007	MESH	Dystonia, Dopa-responsive
D053714	MESH	Aspermia
D000419		Albuminuria
D044903	MESH	Congenital Hyperinsulinism
D010146		Pain
D004487	MESH	Edema
D001308	MESH	Auditory Perceptual Disorders
D005119	MESH	Extravasation of Diagnostic and Therapeutic Materials
D006423	MESH	Hemianopsia
D060050	MESH	Angina, Stable
D008275	MESH	Magnesium Deficiency
D055191	MESH	Delayed Emergence from Anesthesia
D001068	MESH	Feeding and Eating Disorders
D015619	MESH	Respiratory System Abnormalities
D015428	MESH	Myocardial Reperfusion Injury
D012848	MESH	Sinoatrial Block
D013203	MESH	Staphylococcal Infections
D018184	MESH	Paramyxoviridae Infections
D007299	MESH	Insect Bites and Stings
C536957	MESH	Temporomandibular ankylosis
D020518	MESH	Focal Nodular Hyperplasia
D004108	MESH	Dilatation, Pathologic
D000435	MESH	Alcoholic Intoxication
D012282	MESH	Rickettsia Infections
D001768	MESH	Blister
C537095	MESH	Brachydactyly with hypertension
D008172	MESH	Lung Diseases, Fungal
D008844	MESH	Micrognathism
D009056	MESH	Mouth Abnormalities
D000860	MESH	Anoxia
D013035	MESH	Spasm
D052776	MESH	Female Urogenital Diseases
D018487	MESH	Ventricular Dysfunction, Left
D009839	MESH	Oligomenorrhea
D007775	MESH	Lactation Disorders
D015508	MESH	Nasal Obstruction
D018880	MESH	Atrial Premature Complexes
D008589	MESH	Meningococcal Infections
D001724		Birth Weight
610141	OMIM	QT INTERVAL, VARIATION IN
D003371		Cough
D021081	MESH	Chronobiology Disorders
D019588	MESH	Aging, Premature
D009057	MESH	Stomatognathic Diseases
D014950	MESH	Wounds, Penetrating
D000532	MESH	Altitude Sickness
D050171		Dyslipidemias
D064793	MESH	Teratogenesis
D020181	MESH	Sleep Apnea, Obstructive
D005322		Fetal Membranes, Premature Rupture
D012729		Sex Chromosome Aberrations
D005335	MESH	Fever of Unknown Origin
D013161	MESH	Splenic Rupture
D004692	MESH	Endarteritis
D011645	MESH	Puerperal Infection
D001049	MESH	Apnea
D064129	MESH	Prostatic Neoplasms, Castration-Resistant
D010148	MESH	Pain, Intractable
D058186	MESH	Acute Kidney Injury
D054038	MESH	Posterior Leukoencephalopathy Syndrome
D009145	MESH	Mushroom Poisoning
D018457	MESH	Placenta, Retained
D005131	MESH	Eye Injuries
D020300	MESH	Intracranial Hemorrhages
D011041		Poisoning
D016066	MESH	Pleural Effusion, Malignant
D001997	MESH	Bronchopulmonary Dysplasia
D013117	MESH	Spinal Cord Compression
D012770	MESH	Shock, Cardiogenic
D010900	MESH	Pituitary Diseases
D019584	MESH	Hot Flashes
D010167	MESH	Pallor
D017496	MESH	Hypopigmentation
D019465	MESH	Craniofacial Abnormalities
D020178	MESH	Sleep Disorders, Circadian Rhythm
D011250	MESH	Pregnancy Complications, Hematologic
D014826	MESH	Vocal Cord Paralysis
D012913	MESH	Snoring
C535469	MESH	Coproporphyria
D053565	MESH	Hypercalciuria
D010438	MESH	Peptic Ulcer Hemorrhage
C537480	MESH	Miyoshi myopathy
D004414	MESH	Dyspareunia
D019462	MESH	Syncope, Vasovagal
D006937	MESH	Hypercholesterolemia
D020385	MESH	Myokymia
D002659	MESH	Child Development Disorders, Pervasive
D002578	MESH	Uterine Cervical Dysplasia
D008595	MESH	Menorrhagia
D011226	MESH	Pre-Excitation Syndromes
C535563	MESH	Absence of Tibia
D012868		Skin Abnormalities
D013568		Pathological Conditions, Signs and Symptoms
D020016	MESH	Activated Protein C Resistance
D015861	MESH	Retinal Neovascularization
D000007	MESH	Abdominal Injuries
D050500	MESH	Pancreatitis, Chronic
D055948	MESH	Sarcopenia
D054318	MESH	No-Reflow Phenomenon
D011629	MESH	Puberty, Precocious
D006942	MESH	Hypergammaglobulinemia
D006988	MESH	Hyphema
D013319	MESH	Strongyle Infections, Equine
D010850	MESH	Picornaviridae Infections
D017695	MESH	Soft Tissue Injuries
D017514	MESH	Pityriasis Lichenoides
D000608	MESH	Renal Aminoacidurias
D014126	MESH	Toxoplasmosis, Ocular
D019767	MESH	Maxillofacial Abnormalities
D015878	MESH	Mydriasis
D017116	MESH	Low Back Pain
C535542	MESH	Isotretinoin embryopathy like syndrome
D015155	MESH	Esophageal Spasm, Diffuse
D001237	MESH	Asphyxia
D006679	MESH	HIV Seropositivity
D054066	MESH	Leukemia, Large Granular Lymphocytic
C537880	MESH	Lathosterolosis
D057112	MESH	Corneal Perforation
D014555	MESH	Urination Disorders
D014596	MESH	Uterine Prolapse
D017192	MESH	Skin Diseases, Bacterial
D004172	MESH	Diplopia
D015821	MESH	Eye Infections, Fungal
D006356	MESH	Heartburn
D007627	MESH	Keloid
D010157	MESH	Palatal Neoplasms
D051299	MESH	Post-Dural Puncture Headache
D000341	MESH	Affective Disorders, Psychotic
D020184	MESH	Night Terrors
D015785	MESH	Eye Diseases, Hereditary
D046648	MESH	Hematoma, Subdural, Intracranial
D012771	MESH	Shock, Hemorrhagic
D034321	MESH	Hyperamylasemia
D007019	MESH	Hypoproteinemia
C538525	MESH	Mitochondrial encephalopathy
D054506	MESH	Chloracne
D011123	MESH	Polyploidy
D020335	MESH	Paraparesis
D015477	MESH	Leukemia, Myelomonocytic, Chronic
D019066	MESH	Facies
D038062	MESH	Upper Extremity Deformities, Congenital
D002534	MESH	Hypoxia, Brain
D001899	MESH	Borrelia Infections
D014314	MESH	Trisomy
D011475	MESH	Prosthesis Failure
D020945	MESH	Lupus Vasculitis, Central Nervous System
D045826	MESH	Flavobacteriaceae Infections
D007010	MESH	Hyponatremia
D058267	MESH	Flea Infestations
D003128	MESH	Coma
D001284	MESH	Atrophy
D018497	MESH	Ventricular Dysfunction, Right
D017282	MESH	Tick-Borne Diseases
D051436		Renal Insufficiency, Chronic
D012133	MESH	Respiratory Paralysis
D059226	MESH	Nociceptive Pain
D019310	MESH	Pseudolymphoma
D012513	MESH	Sarcoma, Experimental
C537922	MESH	Fetal hydantoin syndrome
D009364	MESH	Neoplasm Recurrence, Local
D015452	MESH	Precursor B-Cell Lymphoblastic Leukemia-Lymphoma
D016459	MESH	Prosthesis-Related Infections
D007972	MESH	Leukoplakia, Oral
D008218	MESH	Lymphocytosis
D017699	MESH	Pelvic Pain
D054319	MESH	Marchiafava-Bignami Disease
D034381		Hearing Loss
D012120		Respiration Disorders
D048949	MESH	Labor Pain
D007228	MESH	Infant Nutrition Disorders
D003638	MESH	Deafness
D053584	MESH	Urinoma
D004617	MESH	Embolism
D001913	MESH	Bowen's Disease
D020202	MESH	Cerebral Hemorrhage, Traumatic
D011855	MESH	Radiodermatitis
D008178	MESH	Lupus Erythematosus, Cutaneous
D005327	MESH	Fetal Resorption
D008179	MESH	Lupus Erythematosus, Discoid
D005483	MESH	Flushing
D018781	MESH	Tension-Type Headache
D007280		Disorders of Environmental Origin
D004198	MESH	Disease Susceptibility
D012478	MESH	Salmonella Food Poisoning
D004408	MESH	Dysgeusia
D003665	MESH	Decompression Sickness
D020149	MESH	Manganese Poisoning
D017543	MESH	Iliac Aneurysm
D014390	MESH	Tuberculosis, Meningeal
D012088	MESH	Reoviridae Infections
D001986	MESH	Bronchial Spasm
D018784	MESH	Abdominal Abscess
D015362	MESH	Child Nutrition Disorders
C536572	MESH	Bone Marrow failure syndromes
D013119	MESH	Spinal Cord Injuries
D015427	MESH	Reperfusion Injury
D012130		Respiratory Hypersensitivity
D017254	MESH	Leukemic Infiltration
D001129	MESH	Argyria
D014766	MESH	Viremia
D015817	MESH	Eye Infections
D016869	MESH	Ureaplasma Infections
D015787	MESH	Erythema Chronicum Migrans
D020447	MESH	Parasomnias
D005687	MESH	Galactorrhea
D038061	MESH	Lower Extremity Deformities, Congenital
D006431	MESH	Hemobilia
D016609	MESH	Neoplasms, Second Primary
D008679		Metaplasia
D001848	MESH	Bone Diseases, Developmental
D020146	MESH	Putaminal Hemorrhage
D003490	MESH	Cyanosis
D007955	MESH	Leukemoid Reaction
D003963	MESH	Diaper Rash
D017574	MESH	Parasystole
D055092	MESH	Laryngomalacia
D002472	MESH	Cell Transformation, Viral
D004195	MESH	Disease Models, Animal
C538457	MESH	Segmental glomerulosclerosis
D006335	MESH	Heart Injuries
D006342	MESH	Heart Rupture, Post-Infarction
D018633	MESH	Pulmonary Atresia
D016156	MESH	Respiratory Tract Fistula
D006396	MESH	Hematemesis
D006406	MESH	Hematoma
D052879	MESH	Subacute Combined Degeneration
D061219	MESH	Olfactory Nerve Injuries
D006374	MESH	Helminthiasis, Animal
D010468		Perceptual Disorders
D056784		Leukoencephalopathies
D004927	MESH	Escherichia coli Infections
C566858	MESH	Copper-Overload Cirrhosis
D054908	MESH	Extensively Drug-Resistant Tuberculosis
D017093	MESH	Liver Failure
D051261	MESH	Granulomatosis, Orofacial
D001010	MESH	Anxiety, Separation
D005871	MESH	Giant Lymph Node Hyperplasia
D003875	MESH	Drug Eruptions
D012883		Skin Ulcer
D001752	MESH	Blast Crisis
D014802	MESH	Vitamin A Deficiency
D058625	MESH	End Stage Liver Disease
D012221	MESH	Rhinitis, Allergic, Perennial
D005355		Fibrosis
D010241	MESH	Parakeratosis
D006390	MESH	Hemangioendothelioma
D000267	MESH	Tissue Adhesions
D051346	MESH	Mobility Limitation
D011350	MESH	Proctocolitis
D006985	MESH	Hyperventilation
D066126	MESH	Cardiotoxicity
D017180	MESH	Tachycardia, Ventricular
D034161	MESH	Pelvic Infection
D005311	MESH	Fetal Hypoxia
D000013		Congenital Abnormalities
D009188	MESH	Myelitis, Transverse
D053158	MESH	Nocturia
D017437	MESH	Skin and Connective Tissue Diseases
D004834	MESH	Epilepsy, Post-Traumatic
D004418	MESH	Dyspnea, Paroxysmal
D004204	MESH	Dislocations
D020806	MESH	Central Nervous System Bacterial Infections
D003680	MESH	Deglutition Disorders
D019457	MESH	Chromosome Breakage
D009376	MESH	Neoplasms, Hormone-Dependent
D011596		Psychomotor Disorders
D010038	MESH	Otorhinolaryngologic Diseases
D017719	MESH	Diabetic Foot
D006086	MESH	Graft vs Host Disease
D010246	MESH	Paralysis, Obstetric
D020031	MESH	Epstein-Barr Virus Infections
D011023	MESH	Pneumonia, Staphylococcal
D007232	MESH	Infant, Newborn, Diseases
D020567	MESH	Fetal Weight
D006209	MESH	Halitosis
D064147	MESH	Febrile Neutropenia
D014005	MESH	Tinea
D015435	MESH	Panniculitis, Lupus Erythematosus
D012783	MESH	Shoulder Dislocation
D004387	MESH	Dupuytren Contracture
D020270	MESH	Alcohol Withdrawal Seizures
D002371	MESH	Cat Diseases
D014770	MESH	Virilism
D013746	MESH	Tetany
D009667	MESH	Nose Deformities, Acquired
C538268	MESH	Auditory neuropathy
C536871	MESH	Spastic paraplegia type 5A, recessive
C537153	MESH	Hypomagnesemia primary
D055112	MESH	Pyometra
D020795	MESH	Photophobia
D051474	MESH	Neuralgia, Postherpetic
C548016	MESH	Hypermanganesemia with Dystonia Polycythemia and Cirrhosis
D053099	MESH	Azotemia
D013832	MESH	Thiamine Deficiency
D007794	MESH	Lameness, Animal
D020234	MESH	Gait Ataxia
D002598	MESH	Chagas Cardiomyopathy
D000754	MESH	Anemia, Refractory, with Excess of Blasts
D003027	MESH	Cluster Headache
D010292	MESH	Paresthesia
D014832	MESH	Voice Disorders
C537156	MESH	Hypoparathyroidism familial isolated
D011201	MESH	Poultry Diseases
D057891	MESH	Tetraploidy
C538110	MESH	Pancreatic adenoma
D058405	MESH	Desmoplastic Small Round Cell Tumor
D006469	MESH	Hemoptysis
D018461	MESH	Soft Tissue Infections
C535841	MESH	Hashimoto's encephalitis
D013553	MESH	Swine Diseases
D009325		Nausea
D016868	MESH	Serratia Infections
D010031	MESH	Otitis
D013341	MESH	Sturge-Weber Syndrome
D014072	MESH	Tooth Abrasion
D017542	MESH	Aneurysm, Ruptured
D012598	MESH	Sclerosis
C566627	MESH	Ceroid Lipofuscinosis, Neuronal, 6
D002543	MESH	Cerebral Hemorrhage
D013610	MESH	Tachycardia
D054971	MESH	Orthostatic Intolerance
D017444	MESH	Skin Diseases, Papulosquamous
D000137	MESH	Acid-Base Imbalance
D064806	MESH	Dysbiosis
D020078	MESH	Neurogenic Inflammation
D001327		Autoimmune Diseases
D004881	MESH	Ergotism
D015208	MESH	Smoke Inhalation Injury
D004760	MESH	Enterocolitis
D012003	MESH	Rectal Fistula
D002418	MESH	Cattle Diseases
D012001	MESH	Hyperacusis
D053202	MESH	Urinary Incontinence, Urge
D016155	MESH	Oral Fistula
D002908		Chronic Disease
D011602	MESH	Psychophysiologic Disorders
D016183	MESH	Murine Acquired Immunodeficiency Syndrome
D010182	MESH	Pancreatic Diseases
D054972	MESH	Postural Orthostatic Tachycardia Syndrome
D006212	MESH	Hallucinations
D012008	MESH	Recurrence
D000138	MESH	Acidosis
D014071	MESH	Tooth Abnormalities
D012874	MESH	Skin Diseases, Infectious
D016523	MESH	Foot Ulcer
D010997		Pleural Neoplasms
D020264		Lead Poisoning, Nervous System, Childhood
D020879	MESH	Neuromuscular Manifestations
D003111	MESH	Colonic Polyps
C566417	MESH	Endotoxin Hyporesponsiveness
D006876	MESH	Hydrothorax
D060845	MESH	Obsessive Hoarding
D009298	MESH	Nasal Polyps
D013581	MESH	Synovial Cyst
D004844		Epistaxis
D006417	MESH	Hematuria
D008586	MESH	Meningitis, Pneumococcal
C554498	MESH	AIDS-related Kaposi sarcoma
D007239		Infection
D020256	MESH	Choroidal Neovascularization
D054220	MESH	Malformations of Cortical Development
D009410	MESH	Nerve Degeneration
D055154	MESH	Dysphonia
D004404	MESH	Dysentery, Amebic
C531767	MESH	Edema of the optic disc
D013705	MESH	Temporomandibular Joint Disorders
D007040	MESH	Hypoventilation
D020250	MESH	Postoperative Nausea and Vomiting
D018409	MESH	Foot Injuries
D017676	MESH	Lichen Planus, Oral
D015012	MESH	Yersinia pseudotuberculosis Infections
D018677	MESH	Tooth Injuries
D054079	MESH	Vascular Malformations
D007249		Inflammation
D017714	MESH	Community-Acquired Infections
D013708	MESH	Tendon Injuries
D001039	MESH	Aphasia, Broca
D013614	MESH	Tachycardia, Paroxysmal
D000784	MESH	Aneurysm, Dissecting
D059350	MESH	Chronic Pain
D015163	MESH	Superinfection
D020201	MESH	Brain Hemorrhage, Traumatic
D048909	MESH	Diabetes Complications
D018221	MESH	Fibromatosis, Abdominal
C548006	MESH	Atrial Septal Defect Ostium Primum
D011191	MESH	Potassium Deficiency
D020757	MESH	Amaurosis Fugax
D012769	MESH	Shock
D044483	MESH	Intestinal Polyposis
D002639	MESH	Cheyne-Stokes Respiration
D013575	MESH	Syncope
D009385	MESH	Neoplastic Processes
D006996	MESH	Hypocalcemia
D009102	MESH	Multiple Organ Failure
D020206	MESH	Subarachnoid Hemorrhage, Traumatic
D018798	MESH	Anemia, Iron-Deficiency
D014647	MESH	Varicose Ulcer
C535531	MESH	Intervertebral disc disease
D020263		Lead Poisoning, Nervous System
D001928	MESH	Brain Diseases, Metabolic
D012893	MESH	Sleep Wake Disorders
D002873	MESH	Chromosome Fragility
D006337	MESH	Heart Murmurs
D055031	MESH	Primary Graft Dysfunction
D009008	MESH	Abnormalities, Severe Teratoid
C536884	MESH	Kleeblattschaedel syndrome
D018754	MESH	Ventricular Dysfunction
D002057	MESH	Burns, Chemical
C535935	MESH	Cholestasis, progressive familial intrahepatic 3
D018488	MESH	Bone Demineralization, Pathologic
D015466	MESH	Leukemia, Myeloid, Chronic-Phase
D012892	MESH	Sleep Deprivation
D052801	MESH	Male Urogenital Diseases
D011007	MESH	Pneumocephalus
D003428	MESH	Cross Infection
D008599		Menstruation Disturbances
D007819	MESH	Laryngeal Edema
D053207	MESH	Diurnal Enuresis
D008106	MESH	Liver Cirrhosis, Experimental
D004420	MESH	Dystocia
D056833	MESH	Central Serous Chorioretinopathy
D014808	MESH	Vitamin D Deficiency
D009382	MESH	Neoplasms, Unknown Primary
D015819	MESH	Substance Abuse, Intravenous
D004618	MESH	Embolism, Air
D058734	MESH	Exsanguination
C538646	MESH	High serum cholesterol, familial
D006963	MESH	Hyperphagia
C536961	MESH	Familial Testotoxicosis
D020069	MESH	Shoulder Pain
D059373	MESH	Mastodynia
D001469	MESH	Barotrauma
D014178	MESH	Translocation, Genetic
D013352	MESH	Subcutaneous Emphysema
D046649	MESH	Hematoma, Subdural, Spinal
D013122	MESH	Spinal Diseases
D004769	MESH	Enterovirus Infections
D054556	MESH	Venous Thromboembolism
D007710	MESH	Klebsiella Infections
D010677	MESH	Philadelphia Chromosome
D001017	MESH	Aortic Coarctation
C536392	MESH	Factor 8 deficiency, acquired
D016769	MESH	Embolism and Thrombosis
D009894	MESH	Opportunistic Infections
D007964	MESH	Leukocytosis
C537537	MESH	Segawa syndrome, autosomal recessive
D005517	MESH	Foodborne Diseases
D055985	MESH	Latent Tuberculosis
D002276	MESH	Carcinoid Tumor
D011552	MESH	Pseudomonas Infections
D008630		Mercury Poisoning
D007119	MESH	Immunoblastic Lymphadenopathy
D016491	MESH	Peripheral Vascular Diseases
D001919		Bradycardia
D004714	MESH	Endometrial Hyperplasia
D029241	MESH	Optic Atrophy, Autosomal Dominant
D000151	MESH	Acinetobacter Infections
D009164	MESH	Mycobacterium Infections
D005317		Fetal Growth Retardation
C563515	MESH	Neutrophil Chemotactic Response, Abnormal
D020820	MESH	Dyskinesias
D009207	MESH	Myoclonus
D013611	MESH	Tachycardia, Atrioventricular Nodal Reentry
D007579	MESH	Jejunal Diseases
D006965		Hyperplasia
D017541	MESH	Aneurysm, False
D007855		Lead Poisoning
D020896	MESH	Hypovolemia
D004342	MESH	Drug Hypersensitivity
D003015	MESH	Clostridium Infections
D011141	MESH	Polyuria
D014823	MESH	Vitreous Hemorrhage
D065626	MESH	Non-alcoholic Fatty Liver Disease
C536082	MESH	Hypercalciuria, childhood idiopathic
D002653		Child Behavior Disorders
D005767		Gastrointestinal Diseases
D019247	MESH	HIV Wasting Syndrome
D014428	MESH	Twins, Conjoined
D060825	MESH	Mild Cognitive Impairment
D008100	MESH	Liver Abscess
D018222	MESH	Fibromatosis, Aggressive
D004697	MESH	Endocarditis, Bacterial
D000008	MESH	Abdominal Neoplasms
D012560	MESH	Schizophrenia, Catatonic
D055963	MESH	Asthma, Aspirin-Induced
D046088	MESH	Hearing Loss, Unilateral
C538260	MESH	Atresia of small intestine
D007941	MESH	Leukemia P388
D010257	MESH	Paraneoplastic Syndromes
D000857	MESH	Olfaction Disorders
D055732	MESH	Pulmonary Aspergillosis
D020145	MESH	Basal Ganglia Hemorrhage
D018188	MESH	Cardiovirus Infections
C565662	MESH	Acth-Independent Macronodular Adrenal Hyperplasia
D013471	MESH	Sunburn
D011297		Prenatal Exposure Delayed Effects
D002869		Chromosome Aberrations
D015526	MESH	AIDS Dementia Complex
D004240	MESH	Diverticulum
C536683	MESH	Warfarin syndrome
D007805	MESH	Language Development Disorders
D007015	MESH	Hypophosphatemia, Familial
D053120	MESH	Respiratory Aspiration
D009006	MESH	Monosomy
D043171	MESH	Chromosomal Instability
D053627	MESH	Asthenozoospermia
D018746	MESH	Systemic Inflammatory Response Syndrome
D015792	MESH	Retinal Dysplasia
C537296	MESH	Granulosa cell tumor of the ovary
D001733	MESH	Bites and Stings
D006341	MESH	Heart Rupture
D018248	MESH	Adenoma, Liver Cell
C536561	MESH	Trimethylaminuria
D003286	MESH	Contracture
D054685	MESH	Lymphoma, Primary Effusion
D003873	MESH	Dermatitis, Exfoliative
D019283	MESH	Pancreatitis, Acute Necrotizing
D015160	MESH	Hydrops Fetalis
D002542	MESH	Intracranial Embolism and Thrombosis
D063806	MESH	Myalgia
D006327	MESH	Heart Block
D020207	MESH	Coma, Post-Head Injury
C537748	MESH	Omphalocele exstrophy imperforate anus
D011026	MESH	Pneumopericardium
C535485	MESH	Chromosome 13q trisomy
D020022	MESH	Genetic Predisposition to Disease
C536901	MESH	Thrombotic thrombocytopenic purpura, acquired
D020237	MESH	Alexia, Pure
C562581	MESH	Hypercalcemia, Idiopathic, of Infancy
D005383	MESH	Finger Injuries
D011018	MESH	Pneumonia, Pneumococcal
D008265	MESH	Macrostomia
D010483	MESH	Periapical Diseases
D020221	MESH	Optic Nerve Injuries
D005262	MESH	Feminization
D009349	MESH	Nematode Infections
D001851	MESH	Bone Diseases, Metabolic
C537948	MESH	Ceroid lipofuscinosis, neuronal 1, infantile
D013952	MESH	Thymus Hyperplasia
C562768	MESH	Hypothyroidism, Autoimmune
D000016	MESH	Abnormalities, Radiation-Induced
D000068079	MESH	Motor Disorders
C536875	MESH	Arrest of spermatogenesis
D007247		Infertility, Female
D014948	MESH	Wounds, Gunshot
D009165	MESH	Mycobacterium Infections, Nontuberculous
D005124	MESH	Eye Abnormalities
D005130	MESH	Eye Hemorrhage
D047508	MESH	Massive Hepatic Necrosis
D012678	MESH	Sensation Disorders
D005536	MESH	Foot-and-Mouth Disease
D056829	MESH	Hereditary Angioedema Types I and II
D001261	MESH	Pulmonary Atelectasis
D014719	MESH	Vesicovaginal Fistula
D002056	MESH	Burns
C535944	MESH	Desmoid disease, hereditary
D001282	MESH	Atrial Flutter
D001442	MESH	Bacteroides Infections
D056128	MESH	Obesity, Abdominal
D009091	MESH	Mucormycosis
D004409	MESH	Dyskinesia, Drug-Induced
D014009	MESH	Onychomycosis
D015823	MESH	Acanthamoeba Keratitis
D017194	MESH	Oxyurida Infections
D051302	MESH	Paroxysmal Hemicrania
D006083	MESH	Graft Occlusion, Vascular
D007744	MESH	Obstetric Labor Complications
D000471	MESH	Alkalosis
D006994	MESH	Hypoaldosteronism
D005683	MESH	Gagging
D003221	MESH	Confusion
D011127	MESH	Polyps
D017380	MESH	Hypertrophy, Right Ventricular
D005884	MESH	Gingival Hemorrhage
D018353	MESH	Rhabdoviridae Infections
D009120	MESH	Muscle Cramp
D006628	MESH	Hirsutism
D016411	MESH	Lymphoma, T-Cell, Peripheral
D010236	MESH	Paraganglioma, Extra-Adrenal
D046110		Hypertension, Pregnancy-Induced
D006528		Carcinoma, Hepatocellular
D006955	MESH	Hypernatremia
D000257	MESH	Adenoviridae Infections
D015354	MESH	Vision, Low
D013353	MESH	Subdural Effusion
D000015	MESH	Abnormalities, Multiple
D020336	MESH	Paraparesis, Spastic
D012817		Signs and Symptoms, Digestive
D003288	MESH	Contusions
D020922	MESH	Sleep-Wake Transition Disorders
D006471	MESH	Gastrointestinal Hemorrhage
C537181	MESH	Paroxysmal nonkinesigenic dyskinesia
D003560	MESH	Cysts
D004480	MESH	Ectromelia
D055613	MESH	Multiple Pulmonary Nodules
D065630	MESH	Hernias, Diaphragmatic, Congenital
D002037	MESH	Bundle-Branch Block
D006944	MESH	Hyperglycemic Hyperosmolar Nonketotic Coma
D014247	MESH	Trichomonas Vaginitis
D002375	MESH	Catalepsy
D006312	MESH	Hearing Loss, Bilateral
D008796	MESH	Metrorrhagia
D020803	MESH	Encephalitis, Herpes Simplex
D000170	MESH	Acrodynia
C537171	MESH	Paraquat lung
D019962	MESH	Reactive Attachment Disorder
D004932	MESH	Esophageal and Gastric Varices
D011027	MESH	Pneumoperitoneum
D000707	MESH	Anaphylaxis
D010534	MESH	Peritoneal Neoplasms
D014456	MESH	Ulcer
D001925	MESH	Brain Damage, Chronic
D012131	MESH	Respiratory Insufficiency
D021501	MESH	Flank Pain
C537814	MESH	Chromosome 7, monosomy
D014103	MESH	Torticollis
D051270	MESH	Headache Disorders, Primary
D020220	MESH	Facial Nerve Injuries
D015275	MESH	Tumor Lysis Syndrome
C538250	MESH	Amyopathic dermatomyositis
D056486		Drug-Induced Liver Injury
D053842	MESH	Microsatellite Instability
C537476	MESH	Mitochondrial myopathy with lactic acidosis
D001259	MESH	Ataxia
D006104	MESH	Granuloma, Plasma Cell
D003645	MESH	Death, Sudden
D009264	MESH	Nails, Malformed
D016659	MESH	Psoas Abscess
D000038	MESH	Abscess
D012585	MESH	Sciatica
D013290	MESH	Streptococcal Infections
D011539	MESH	Pruritus Vulvae
C535833	MESH	Pulmonary edema of mountaineers
D004915	MESH	Leukemia, Erythroblastic, Acute
D006311	MESH	Hearing Disorders
D005151	MESH	Facial Injuries
D014839		Vomiting
D005222	MESH	Mental Fatigue
D020257	MESH	Ventricular Remodeling
D000022		Abortion, Spontaneous
D004803	MESH	Eosinophilic Granuloma
D057896	MESH	Striae Distensae
C562477	MESH	Halothane Hepatitis
C574275	MESH	Ectrodactyly
D007569	MESH	Jaw Abnormalities
C535933	MESH	Cholestasis, progressive familial intrahepatic 1
D011536	MESH	Prurigo
D000210	MESH	Acute-Phase Reaction
D051271	MESH	Headache Disorders, Secondary
D012700	MESH	Serositis
D014597	MESH	Uterine Rupture
D056912	MESH	Binge-Eating Disorder
D005534	MESH	Foot Diseases
D056828	MESH	Hereditary Angioedema Type III
D054138	MESH	Sinus Arrest, Cardiac
D048070	MESH	Fetal Nutrition Disorders
D015490	MESH	HTLV-I Infections
D007241	MESH	Infectious Bovine Rhinotracheitis
D002828	MESH	Choristoma
D020196	MESH	Trauma, Nervous System
D016063	MESH	Blood Loss, Surgical
D014987	MESH	Xerostomia
D008439	MESH	Maxillary Diseases
D001044	MESH	Aphonia
D001028	MESH	Aortopulmonary Septal Defect
D009078	MESH	Mucocele
D001849	MESH	Bone Diseases, Endocrine
D018442	MESH	Lymphoma, B-Cell, Marginal Zone
D004620	MESH	Embolism, Fat
D065631		Rhinitis, Allergic
D018376		Cardiovascular Abnormalities
D015875	MESH	Anisocoria
D005549	MESH	Foreign-Body Reaction
D009175	MESH	Mycoplasma Infections
D015436	MESH	Panniculitis, Peritoneal
D007718	MESH	Knee Injuries
D003921	MESH	Diabetes Mellitus, Experimental
D006616	MESH	Hip Contracture
D059246	MESH	Tachypnea
D053448	MESH	Prostatism
D052878	MESH	Urolithiasis
D018771	MESH	Arthralgia
D015674	MESH	Mammary Neoplasms, Animal
D009437	MESH	Neuralgia
C538117	MESH	Human Herpesvirus 6 encephalitis
C538045	MESH	Chromosome 17 deletion
D016301	MESH	Alveolar Bone Loss
D064420	MESH	Drug-Related Side Effects and Adverse Reactions
D019121	MESH	Burkholderia Infections
D014564	MESH	Urogenital Abnormalities
D016770	MESH	Ciliophora Infections
D016781	MESH	Toxoplasmosis, Cerebral
D056844	MESH	Renal Colic
D010259		Paranoid Disorders
D017789	MESH	Granuloma, Pyogenic
D006255		Rhinitis, Allergic, Seasonal
D014869	MESH	Water Intoxication
D001250	MESH	Asthma, Exercise-Induced
D065606	MESH	Metabolic Side Effects of Drugs and Substances
D015651	MESH	Mycotoxicosis
D006230	MESH	Hand Injuries
D007411	MESH	Intestinal Diseases, Parasitic
D000193	MESH	Actinomycetales Infections
D006130		Growth Disorders
D002471	MESH	Cell Transformation, Neoplastic
D001145		Arrhythmias, Cardiac
D055744	MESH	Invasive Pulmonary Aspergillosis
D014946	MESH	Wound Infection
D007431	MESH	Intraoperative Complications
D050177		Overweight
D006984	MESH	Hypertrophy
D014550	MESH	Urinary Incontinence, Stress
D009139	MESH	Musculoskeletal Abnormalities
D006408	MESH	Hematoma, Subdural
D006261		Headache
D001850	MESH	Bone Diseases, Infectious
D005532	MESH	Foot Deformities, Congenital
D012481	MESH	Salmonella Infections, Animal
D006519	MESH	Hepatitis, Alcoholic
D019106	MESH	Postoperative Hemorrhage
D002658		Developmental Disabilities
C536610	MESH	Familial cerebral cavernous malformation
D053578	MESH	Opsoclonus-Myoclonus Syndrome
D004444	MESH	Echinococcosis, Hepatic
D059445	MESH	Anhedonia
D058365	MESH	Candidiasis, Invasive
C564777	MESH	Male Germ Cell Tumor
D007971	MESH	Leukoplakia
D019958	MESH	Attention Deficit and Disruptive Behavior Disorders
D015479	MESH	Leukemia, Myelomonocytic, Acute
D065646	MESH	Thyroid Carcinoma, Anaplastic
D005533	MESH	Foot Dermatoses
D002921	MESH	Cicatrix
D016263	MESH	AIDS-Associated Nephropathy
D005352	MESH	Fibromuscular Dysplasia
D000126	MESH	Achlorhydria
D012468	MESH	Salivary Gland Neoplasms
D007752	MESH	Obstetric Labor, Premature
D005162	MESH	Factitious Disorders
C536334	MESH	Polymorphic catecholergic ventricular tachycardia
C535670	MESH	Accutane embryopathy
D054060	MESH	Pulmonary Infarction
D007953	MESH	Leukemia, Radiation-Induced
D013617	MESH	Tachycardia, Supraventricular
D016400	MESH	Lymphoma, Large-Cell, Immunoblastic
D058739	MESH	Aberrant Crypt Foci
D019446	MESH	Endotoxemia
D020347	MESH	Lithiasis
C538235	MESH	Adenylosuccinate lyase deficiency
D005667	MESH	Furunculosis
D018301	MESH	Neoplasms, Mesothelial
C538175	MESH	Acquired ichthyosis
D013896	MESH	Thoracic Diseases
D008325	MESH	Mammary Neoplasms, Experimental
D007942	MESH	Leukemia, Experimental
D019954		Neurobehavioral Manifestations
D007565	MESH	Jaundice
D056650	MESH	Vulvodynia
D059787	MESH	Acute Pain
D002303	MESH	Cardiac Output, Low
D000026	MESH	Abortion, Habitual
D058225	MESH	Plaque, Amyloid
D056653	MESH	Rheumatoid Vasculitis
D008108	MESH	Liver Diseases, Alcoholic
D001139	MESH	Arnold-Chiari Malformation
D010864	MESH	Pilonidal Sinus
D008548		Melanosis
C536783	MESH	T-Lymphocytopenia
D014399	MESH	Tuberculosis, Spinal
D002100	MESH	Cachexia
D057096	MESH	Shellfish Poisoning
C538542	MESH	Sexual precocity
C535854	MESH	Heavy Metal Toxicity
D000472	MESH	Alkalosis, Respiratory
D058065	MESH	Diabetic Cardiomyopathies
D042822	MESH	Genomic Instability
D010273	MESH	Parasitic Diseases, Animal
C537072	MESH	Nonpuerperal galactorrhea
D000034	MESH	Abortion, Veterinary
D005244	MESH	Fecal Impaction
D003251	MESH	Constriction, Pathologic
D020919	MESH	Sleep Disorders, Intrinsic
D005146	MESH	Facial Asymmetry
D012166	MESH	Retinal Hemorrhage
D009461		Neurologic Manifestations
D003318	MESH	Corneal Opacity
D020314	MESH	Central Nervous System Fungal Infections
D014694	MESH	Ventricular Outflow Obstruction
D053206	MESH	Nocturnal Enuresis
D001265	MESH	Athletic Injuries
D003928	MESH	Diabetic Nephropathies
D016463	MESH	Sweet Syndrome
D058566	MESH	Sacroiliitis
D062787	MESH	Drug Overdose
D008232	MESH	Lymphoproliferative Disorders
D000787	MESH	Angina Pectoris
D014474	MESH	Unconsciousness
C536779	MESH	Systemic necrotizing angiitis
D014202		Tremor
D002590	MESH	Cestode Infections
D018476	MESH	Hypokinesia
D053609	MESH	Lethargy
D002647	MESH	Chilblains
D019547	MESH	Neck Pain
D006470	MESH	Hemorrhage
D009440	MESH	Neurasthenia
D008101	MESH	Liver Abscess, Amebic
D002558	MESH	Cerebrospinal Fluid Otorrhea
D055756	MESH	Meningeal Carcinomatosis
D020215	MESH	Carotid Artery, Internal, Dissection
D054068	MESH	Livedo Reticularis
D006478	MESH	Hemorrhagic Fever, American
D054139	MESH	Tachycardia, Reciprocating
D006560	MESH	Herpes Labialis
D011628	MESH	Puberty, Delayed
D016534	MESH	Cardiac Output, High
D005530	MESH	Foot Deformities
D056824	MESH	Upper Extremity Deep Vein Thrombosis
D000006	MESH	Abdomen, Acute
D065666	MESH	Mesenteric Ischemia
D005218	MESH	Fat Necrosis
D012652	MESH	Self Mutilation
D013530	MESH	Surgical Wound Infection
D012141		Respiratory Tract Infections
D008336	MESH	Mandibular Diseases
D015597	MESH	Pregnancy Complications, Parasitic
D065886	MESH	Neurodevelopmental Disorders
D008865	MESH	Microstomia
D006465	MESH	Hemoperitoneum
D060605	MESH	Hyalohyphomycosis
D020306	MESH	Tuberculosis, Central Nervous System
D051799	MESH	Delayed Graft Function
D002494	MESH	Central Nervous System Infections
D018276	MESH	Carcinoma, Medullary
D007738	MESH	Kyphosis
D020233		Gait Disorders, Neurologic
C538370	MESH	Retroperitoneal liposarcoma
D012421	MESH	Rupture
D017190	MESH	Secernentea Infections
D016757	MESH	Death, Sudden, Cardiac
D001342	MESH	Autonomic Nervous System Diseases
D016137	MESH	Spina Bifida Cystica
D003968		Diarrhea, Infantile
D017114	MESH	Liver Failure, Acute
D006939	MESH	Hyperemesis Gravidarum
D030361	MESH	Papillomavirus Infections
D002915	MESH	Chylous Ascites
C538173	MESH	Acquired angioedema
D018458	MESH	Persistent Vegetative State
D012912		Sneezing
D006563	MESH	Herpes Zoster Ophthalmicus
D001416	MESH	Back Pain
D057772	MESH	Vascular System Injuries
D007024	MESH	Hypotension, Orthostatic
D014012	MESH	Tinnitus
D009122	MESH	Muscle Hypertonia
C537968	MESH	Camptocormia
D008260	MESH	Macroglossia
D006461		Hemolysis
D011595	MESH	Psychomotor Agitation
D017577	MESH	Cutaneous Fistula
C535402	MESH	Galactorrhea-Hyperprolactinemia
D005315		Fetal Diseases
D050798	MESH	SUNCT Syndrome
D009374	MESH	Neoplasms, Experimental
D014075	MESH	Tooth Discoloration
D010291	MESH	Paresis
D005739	MESH	Gas Poisoning
D008580	MESH	Meningism
D017191	MESH	Ascaridida Infections
D065817	MESH	Congenital Microtia
D007412	MESH	Intestinal Fistula
D003643		Death
D002279	MESH	Carcinoma 256, Walker
D000051	MESH	Acantholysis
D055370		Lung Injury
D000370	MESH	Ageusia
D004751	MESH	Enteritis
D010034	MESH	Otitis Media with Effusion
C536409	MESH	Neural tube defect, folate-sensitive
D020964	MESH	Embryo Loss
D009378	MESH	Neoplasms, Multiple Primary
D020925	MESH	Hypoxia-Ischemia, Brain
C538446	MESH	Speech disturbance - use of faulty phrasing and unrelated words
C535686	MESH	Rippling muscle disease, 1
D005911	MESH	Gliosis
D011537	MESH	Pruritus
D008141	MESH	Lordosis
C536226	MESH	Cutis marmorata telangiectatica congenita
D009362	MESH	Neoplasm Metastasis
D005313		Fetal Death
D014552	MESH	Urinary Tract Infections
D048968	MESH	Morning Sickness
D006969	MESH	Hypersensitivity, Immediate
D013612	MESH	Tachycardia, Ectopic Atrial
D020920	MESH	Dyssomnias
D020096	MESH	Zygomycosis
D011557	MESH	Pseudorabies
D004677	MESH	Encephalocele
D001930	MESH	Brain Injuries
D017109	MESH	Akathisia, Drug-Induced
D001715	MESH	Bird Diseases
D003926	MESH	Diabetic Coma
D049970	MESH	Graves Ophthalmopathy
D006566	MESH	Herpesviridae Infections
D016399	MESH	Lymphoma, T-Cell
D006685	MESH	Hoarseness
D009222	MESH	Myotonia
D046089	MESH	Hearing Loss, Mixed Conductive-Sensorineural
D018352	MESH	Coronavirus Infections
D054039	MESH	Onycholysis
D016170	MESH	Accelerated Idioventricular Rhythm
D019968	MESH	Sexual and Gender Disorders
D012757	MESH	Sheep Diseases
D006940	MESH	Hyperemia
D018805	MESH	Sepsis
D006102	MESH	Granuloma, Laryngeal
D016388		Tooth Loss
D011249	MESH	Pregnancy Complications, Cardiovascular
D014549	MESH	Urinary Incontinence
D064726	MESH	Triple Negative Breast Neoplasms
D020299	MESH	Intracranial Hemorrhage, Hypertensive
D015448	MESH	Leukemia, B-Cell
D059606	MESH	Polydipsia
D018177	MESH	Flavivirus Infections
D005747	MESH	Gastric Fistula
D009232	MESH	Myxoma
C538416	MESH	Chondrodysplasia punctata 2, X-linked dominant
C537221	MESH	Sacral defect and anterior sacral meningocele
D012192	MESH	Retroviridae Infections
D005402	MESH	Fistula
D009389	MESH	Neovascularization, Pathologic
D016055	MESH	Urinary Retention
D009381	MESH	Neoplasms, Radiation-Induced
D057215	MESH	Body Dysmorphic Disorders
D007826	MESH	Laryngismus
D000753	MESH	Anemia, Refractory
D012135		Respiratory Sounds
D003773	MESH	Dental Plaque
D065766	MESH	Atypical Hemolytic Uremic Syndrome
D014786	MESH	Vision Disorders
C537757	MESH	Renal hypouricemia
D014514	MESH	Ureteral Calculi
D041881	MESH	Cholecystitis, Acute
D053159	MESH	Dysuria
D016469	MESH	Fungemia
D006192	MESH	Haemophilus Infections
D003586	MESH	Cytomegalovirus Infections
D013009	MESH	Somnambulism
C535838	MESH	Pancreatic islet cell tumors
D007939	MESH	Leukemia L1210
D007035	MESH	Hypothermia
D015845	MESH	Tonic Pupil
D016103	MESH	Spinal Fractures
D017001	MESH	Tooth Demineralization
D060831	MESH	Hand-Foot Syndrome
D007925	MESH	Leriche Syndrome
D039682	MESH	HIV-Associated Lipodystrophy Syndrome
D020773	MESH	Headache Disorders
D000386	MESH	AIDS-Related Complex
D058729		Peripheral Arterial Disease
D001169	MESH	Arthritis, Experimental
D059348	MESH	Peripheral Nerve Injuries
D018792	MESH	Encephalitis, Viral
D002137	MESH	Calculi
D012561	MESH	Schizophrenia, Childhood
D012713	MESH	Serum Sickness
D000219	MESH	Adams-Stokes Syndrome
D012877		Skin Manifestations
D013492	MESH	Suppuration
D050090	MESH	Ovotesticular Disorders of Sex Development
D055371	MESH	Acute Lung Injury
D008207	MESH	Lymphatic Metastasis
D006606	MESH	Hiccup
D016870	MESH	Neisseriaceae Infections
D000142	MESH	Acidosis, Respiratory
D016638	MESH	Critical Illness
D002389	MESH	Catatonia
D016171	MESH	Torsades de Pointes
D006407	MESH	Hematoma, Epidural, Cranial
D057045	MESH	Laryngopharyngeal Reflux
D008478	MESH	Mediastinal Emphysema
D015266	MESH	Carcinoma, Merkel Cell
D014947	MESH	Wounds and Injuries
D014115	MESH	Toxemia
D001835		Body Weight
D007815	MESH	Larva Migrans
D016857	MESH	Hypocapnia
D016097	MESH	Simian Acquired Immunodeficiency Syndrome
D008569	MESH	Memory Disorders
D058565	MESH	Cerebral Ventriculitis
D056150	MESH	Acute Generalized Exanthematous Pustulosis
D009137	MESH	Muscular Dystrophy, Animal
D006525	MESH	Hepatitis, Viral, Human
D011252	MESH	Pregnancy Complications, Neoplastic
D006520	MESH	Hepatitis, Animal
D013479	MESH	Superior Vena Cava Syndrome
D020833	MESH	Diffuse Axonal Injury
D058387	MESH	Candidemia
D009976	MESH	Orthomyxoviridae Infections
D009669	MESH	Nose Neoplasms
D010409	MESH	Penile Diseases
D000312	MESH	Adrenal Hyperplasia, Congenital
D000309	MESH	Adrenal Insufficiency
D001423	MESH	Bacterial Infections and Mycoses
D006948	MESH	Hyperkinesis
D000782		Aneuploidy
D014735	MESH	Vibrio Infections
D018255	MESH	Adenomatosis, Pulmonary
D005271	MESH	Femur Head Necrosis
D020230	MESH	Serotonin Syndrome
D009846	MESH	Oliguria
D004775	MESH	Enuresis
D004893	MESH	Erythema Nodosum
D014883	MESH	Water-Electrolyte Imbalance
D016470	MESH	Bacteremia
D056006	MESH	Leprosy, Multibacillary
D007022	MESH	Hypotension
D019318	MESH	Porcine Reproductive and Respiratory Syndrome
