ndf-rt code 	 rxcuis 	 uniis 	 name
C16896	314723		MENINGOCOCCAL POLYSACCHARIDE
C35928	308859		CALAMINE OINT,TOP [VA Product]
C35926	377624		CALAMINE LOTION [VA Product]
C47810	896821		OPIUM ALKALOIDS HCL 20MG/ML INJ [VA Product]
C11248	485234		ANTIRABIES SERUM,EQUINE
C43924	819825		IODOHIPPURATE NA,I-131,0.25MIL INJ [VA Product]
C15430	5363	6EF1RL8Z5O	HISTOPLASMIN
C37834	309399		COAL TAR DISTILLATE 25% OIL,TOP [VA Product]
C49048	242166		PORFIMER NA 75MG/VIL INJ [VA Product]
C16184	6057	WXR179L51S	ISOSORBIDE
C46934	1721460		NAFCILLIN NA 2GM/VIL INJ [VA Product]
C50.68.19316	996559		SOMATROPIN (GENOTROPIN) 13.8MG/VIL INJ,CARTRIDGE [VA Product]
C50.68^21064^	864781		INFLUENZA A (H1N1) MONOVALENT VIRUS VACCINE (PF),SYR,0.25ML [VA Product]
C15982	253341	GVO776611R	IODINE,I-125
C50.68^21759^	1809753		GLOBULIN,IMMUNE (IV) (GLUCOSE) 0.5GM/VIL INJ [VA Product]
C273092	485378	81G40H8B0T	VITAMIN A (NATURAL)
C273090	42947		VENOGLOBULIN-I
C13984	82002	CIK9F54ZHR	DOCUSATE POTASSIUM
C50.68^23195^	1745061		BUPIVACAINE LIPOSOME 1.3% INJ,SUSP,10ML [VA Product]
C20620	10346		TECHNETIUM
C20626	90650	6EW75241VU	TECHNETIUM Tc 99m
C11768	1599	U015TT5I8H	BISMUTH
C20628	817371	Z8E46IA45W	TECHNETIUM Tc 99m ALBUMIN AGGREGATED KIT
C51786	313242		TETANUS ANTITOXIN,EQUINE INJ [VA Product]
C51784	812359		TETANUS ANTITOXIN 1UNT INJ [VA Product]
C48650	312379		PHENOLSULFONPHTHALEIN 6MG/ML INJ [VA Product]
C13608	214485	I8LHQ0D645	DEXTRAN 1
C12312	66870	3SJ3U7J6V2	CASANTHRANOL
C50.68^23981^	1427051		INFLUENZA VACCINE,QUADRIVALENT (PEDIATRIC)(PF),SYRINGE,0.25ML [VA Product]
C50.68.19786	855633		DICLOFENAC NA 1% GEL,TOP [VA Product]
C16232	285155		KELP
C14602	314621	UVP74NG1C5	FERRIC AMMONIUM CITRATE, GREEN
C1477128441463	1363043	0F5N573A2Y	ETHER
C50.68^22652^	1111370		INFLUENZA VIRUS VACCINE (SPLIT VIRUS) (PF) SYRINGE,0.1ML [VA Product]
C49264	312550		POTASSIUM PHOSPHATE 1.45GM CAP FOR SOLN [VA Product]
C49262	239332		POTASSIUM PERMANGANATE GRANULES [VA Product]
C289486	90650	6EW75241VU	TECHNETIUM,TC-99M
C43642	882560		INFLUENZA VIRUS VACCINE (SPLIT VIRUS),SYRINGE,0.5ML [VA Product]
C38874	1494809		DEXTRANOMER BEADS,TOP,60GM,STERILE [VA Product]
C38872	309717		DEXTRANOMER BEADS,TOP [VA Product]
C50.68^21644^	1809068		GLOBULIN,IMMUNE (SQ) 200MG/ML INJ,SOLN,10ML [VA Product]
C276237	857284		ARDEPARIN NA 10000 UNT/0.5ML INJ,TUBEX [VA Product]
C13760	484908	F1T8QT9U8B	DIGITALIS,POWDERED
C43636	360386		INFLUENZA SUBVIRON VACCINE,SYRINGE,0.5ML [VA Product]
C17918	314752		OPIUM ALKALOIDS HYDROCHLORIDE
C40378	310134		EPINEPHRYL BORATE 0.5% SOLN,OPH [VA Product]
C273342	485860	N7TD9J649B	CITRUS NARINGININE
C50.68^25104^	1546197		PEGINTERFERON BETA-1A 63MCG X 1/94MCG X 1 SYR KIT [VA Product]
C13628	22708	30KXI0TVD3	DEXTRANOMER
C50.68^23983^	1427027		INFLUENZA VACCINE,QUADRIVALENT (PF),VIL,0.5ML [VA Product]
C18284	314772	RU64142H6P	PEG-90M
C18280	317604	A7D04GUR0Z	PEG-80 GLYCERYL MONOCOCATE
C276689	831176		FISH OIL (SEA OMEGA) 1000MG CAP [VA Product]
C40670	315093		ESTROGENS 2MG/ML INJ [VA Product]
C40672	310195		ESTROGENS 2MG/ML INJ,SUSP [VA Product]
C51558	313180		SURGICEL ABSORBABLE HEMOSTAT 2IN X 14IN [VA Product]
C10846	91263	V5VD430YW9	ALOE
C50.416^4865^	1432340		INFLUENZA VIRUS,QUADRIVALENT SPLIT VACCINE
C42034	310529		GLUTARALDEHYDE ACID,POTENTIATED LIQUID,INANIMATE [VA Product]
C35570	358920		BLACK COHOSH EXTRACT CAP/TAB [VA Product]
C19030	34322	B7862WZ632	POTASSIUM PHOSPHATE
C48952	854977		PNEUMOCOCCAL POLYSACCHARIDE VACCINE INJ [VA Product]
C276213	199348		DEXFENFLURAMINE HCL 15MG CAP [VA Product]
C41926	1918404		GLOBULIN,IMMUNE (IM) INJ [VA Product]
C20952	402899	7QWA1RIO01	TOCOPHEROL,DL-ALPHA
C18386	8015	WM5Z385K7T	PENTYLENETETRAZOL
C18276	1363621	6JR5A7273E	PEG-8 DIOLEATE
C17454	9892	652U49DZTP	MORRHUATE SODIUM
C18514	221137	28725X3PV8	PHENINDAMINE TARTRATE
C42756	795945		HIBTITER INJ [VA Product]
C18260	314769	VNX7251543	PEG-7 GLYCEROL COCOATE
C276668	1300808		HAEMOPHILUS B CONJUGATE VACCINE INJ [VA Product]
C36544	442670		CAT'S CLAW CAP/TAB [VA Product]
C19206	485608	0H7Q13127S	PROMETHAZINE HYDROBROMIDE
C9836	317176	799C8VF17R	ALBUMIN,AGGREGATED
C34038	795461		ANTIVENIN,LATRODECTUS MACTANS 6000UNT/VIL INJ [VA Product]
C34036	885192		ANTIVENIN,CROTALIDAE POLYVALENT INJ [VA Product]
C16854	6691	HSU1C9YRES	MEDROXYPROGESTERONE
C16850	317599	HAY5MT18L3	MEDRONATE DISODIUM
C20032	314835		SODIUM OCTOXYNOL 3 SULFONATE
C35930	238373		CALAMINE PWDR [VA Product]
C273003	267251	351KFH969D	DEXTROMETHORPHAN HYDROCHLORIDE
C274525	485265		ALBUMIN,AGGREGATED 0.03% (STERILE DILUENT) INJ [VA Product]
C50008	830467		RABIES VACCINE 0.25UNT/ML INJ,ID [VA Product]
C50002	854868		RABEPRAZOLE NA 20MG TAB,EC [VA Product]
C50004	854868		RABEPRAZOLE NA 20MG TAB,EC,UD [VA Product]
C50.68^22675^	1192804		SURGICEL ABSORBABLE HEMOSTAT 2IN X 3IN [VA Product]
C12092	47624	T6133SO781	CALCIUM LEVULINATE
C19058	259277		POTASSIUM,CHELATED
C52748	313478		TRIGLYCERIDES,MEDIUM CHAIN OIL [VA Product]
C50.68^21062^	864704		INFLUENZA A (H1N1) MONOVALENT VIRUS VACCINE (PF),VIL,0.5ML [VA Product]
C50.68^26068^	1661111		INFLUENZA VACCINE,QUADRIVALENT (PF),SYRINGE,0.1ML [VA Product]
C11112	314497		AMPHETAMINE/DEXTROAMPHETAMINE RESIN COMPLEX
C50.68.19379	855626		DICLOFENAC EPOLAMINE 1.3% PATCH [VA Product]
C276270	317809		LYME DISEASE VACCINE 30MCG/0.5ML INJ [VA Product]
C276271	727827		LYME DISEASE VACCINE 30MCG/0.5ML INJ,SYRINGE,0.5ML [VA Product]
C43890	311091		IOCETAMIC ACID 750MG TAB [VA Product]
C34486	358914		ASTRAGALUS EXTRACT PWDR [VA Product]
C50.68.19460	142061		GLOBULIN,IMMUNE (SQ) 160MG/ML INJ [VA Product]
C15118	314646		GLUTARALDEHYDE ACID,POTENTIATED
C45496	207269		MENOMUNE A/C/Y/W-135 INJ [VA Product]
C21512	313725	H4N855PNZ1	VITAMIN E OIL
C50.68^25277^	1550707		ALLERGENIC EXTRACT, ORALAIR 100 IR TAB,SL STARTER PACK,3 [VA Product]
C39828	1245463		DOCUSATE K 100MG CAP [VA Product]
C52908	762598		TYPHOID VACCINE LIVE CAP [VA Product]
C11266	91596	92VV7G83ED	ANTIVENIN,CROTALIDAE POLYVALENT
C31144	236279	1OYM338E89	DEVILS CLAW
C42772	310773		HISTOPLASMIN 1:100 SKIN TEST INJ [VA Product]
C50.68^23699^	1373528		FISH OIL 1000MG (500MG DHA/EPA) CAP,ORAL [VA Product]
C9856	314301	ACH35131L1	ALBUMIN,IODINATED I-131 SERUM
C14600	24897	UVP74NG1C5	FERRIC AMMONIUM CITRATE
C50.68^26438^	1736374		FIBERCEL POWDER,ORAL [VA Product]
C20058	314837		SODIUM PHOSPHATE DIHYDRATE
C31332	319837	6810070TYD	GOTU KOLA
C39498	309899		DIHYDROXYALUMINUM SODIUM CARBONATE 334MG TAB,CHEWABLE [VA Product]
C50.68^24165^	1427027		INFLUENZA VACCINE,QUADRIVALENT,VIL,5ML [VA Product]
C50.68^24209^	1809061		GLOBULIN,IMMUNE (SQ) 200MG/ML INJ,SOLN,50ML [VA Product]
C12816	121070	QHO02LZ4H2	CHROMIC PHOSPHATE,P-32
C15352	314658	6DZH9J3B27	HEPARIN SODIUM (BEEF LUNG)
C50.68^27376^	1809417		GLOBULIN,IMMUNE (IV) (SORBITOL) 10% INJ [VA Product]
C15176	1311190	79Y1949PYO	GOLD
C44074	198806		IRON (POLYSACCHARIDE COMPLEX) 150MG CAP [VA Product]
C274281	1721460		NAFCILLIN NA MONOHYDRATE 2GM/VIL INJ [VA Product]
C274280	1721458		NAFCILLIN NA MONOHYDRATE 1GM/VIL INJ [VA Product]
C48950	312464		PNEUMOCOCCAL 7-VALENT CONJUGATE VACCINE [VA Product]
C50.68.18709	753451		LAMOTRIGINE 25MG TAB,42/LAMOTRIGINE 100MG TAB,5,KIT [VA Product]
C39770	309968		DL-METHIONINE 500MG TAB [VA Product]
C39772	309969		DL-METHIONINE 75MG/5ML SOLN,ORAL [VA Product]
C50.68^26870^	1791574		OXYCODONE MYRISTATE 27MG CAP,SPRINKLE,SA [VA Product]
C50.68^23982^	1427037		INFLUENZA VACCINE,QUADRIVALENT (PF),SYRINGE,0.5ML [VA Product]
C50.68^24073^	1722719		BOTULISM ANTITOXIN HEPTAVALENT INJ [VA Product]
C30972	236694	885452N0GZ	ANGELICA ROOT
C51642	813936		TECHNETIUM Tc 99m 0 INJ [VA Product]
C41204	358962		FEVERFEW CAP/TAB [VA Product]
C20622	90650	6EW75241VU	TECHNETIUM (Tc 99m)
C15964	183830	FA675Q0E3E	IOCETAMIC ACID
C273032	486749		GLYCERIN,DEHYDRATED
C273036	236025	6DZH9J3B27	HEPARIN SODIUM (BEEF)
C11476	314513	0BQ62LY3KF	BACILLUS CALMETTE-GUERIN,MONTREAL VACCINE
C12878	288262	5437O7N5BH	CINOXATE
C11782	19475	M41L2IN55T	BISMUTH SUBCARBONATE
C18240	1314849	ECU18C66Q7	PEG-40 STEARATE
C34224	857285		ARDEPARIN NA 5000 UNT/0.5ML INJ,TUBEX [VA Product]
C18248	314766		PEG-5 LANOLATE
C45982	311639		METHYLBENZETHONIUM CL 0.1% LIQUID,ORAL [VA Product]
C33612	1299889		AMMONIA,AROMATIC 0.33ML AMP,INHL [VA Product]
C33614	1299889		AMMONIA,AROMATIC 0.3ML AMP,INHL [VA Product]
C33616	1299923		AMMONIA,AROMATIC 0.4ML AMP,INHL [VA Product]
C33618	308143		AMMONIA,AROMATIC LIQUID [VA Product]
C10922	18789	1GA689N629	ALUMINUM CARBONATE BASIC
C274277	311898		NAFCILLIN NA MONOHYDRATE 250MG/5ML SOLN,ORAL [VA Product]
C48972	242847		POLIOVIRUS VACCINE LIVE SOLN,ORAL [VA Product]
C48970	763103		POLIOVIRUS VACCINE INACTIVATED INJ [VA Product]
C272981	1728312	64J2OA7MH3	MANGANESE OXIDE
C273202	487022	46P231IQV8	TRIGLYCERYL DIISOSTEARATE
C275322	309884		DIGITALIS,POWDERED 32MG TAB [VA Product]
C275320	309883		DIGITALIS,POWDERED 100MG TAB [VA Product]
C50.68^21757^	1809728		GLOBULIN,IMMUNE (IV) (GLUCOSE) 5GM/VIL INJ [VA Product]
C50.68^24818^	1428988		INFLUENZA VACCINE,TRIVALENT (PF/LATEX-FREE),SYRINGE,0.5ML [VA Product]
C272866	486536	64J2OA7MH3	MANGANESE (AS OXIDE)
C13258	73162		CRM-197 PROTEIN CONJUGATE
C52856	1189640		TROPHAMINE 10% INJ [VA Product]
C50.68^27047^	1809417		GLOBULIN,IMMUNE (IV) (MALTOSE) 10% INJ [VA Product]
C16766	29263	TF219GU161	MANGANESE DIOXIDE
C16760	314720		MANGANESE AMINO ACID CHELATE
C50.68^24056^	1429603		INFLUENZA VACCINE,TRIVALENT (PEDIATRIC)(PF),SYRINGE,0.25ML [VA Product]
C11410	52685	Q48D9J47K2	ATROPINE METHYLNITRATE
C18802	8471		POLIOVIRUS VACCINE
C11226	221060	3OPN471RJP	ANTIHEMOPHILIC FACTOR,PORCINE
C12506	317210	44AIH82TSC	CELLULOSE,OXIDIZED,REGENERATED
C11786	19477	H19J064BA5	BISMUTH SUBNITRATE
C1477446819078	1368863	U076Q6Q621	POLYETHYLENE GLYCOL 1000
C33136	308013		ALLERGENIC EXTRACT,MIXED ANTIGENS [VA Product]
C31268	114203	6GE7Z0761K	FEVERFEW EXTRACT
C46928	1721458		NAFCILLIN NA 1GM/VIL INJ [VA Product]
C50.416^4928^	28815	L2N7Z24B30	LITHIUM OROTATE
C17814	54034	7JPC6Y25QS	OCTOXYNOL 9
C50.68^22785^	1235748		LITHIUM ASPARTATE CAP/TAB [VA Product]
C276556	241922		METHYLBENZETHONIUM CL 0.1% (AL & SF) LIQUID,ORAL [VA Product]
C50.68^22055^	207269		MENINGOCOCCAL POLYSACCHARIDE VACCINE (MENOMUNE) INJ,LYPHL [VA Product]
C13904	314595		DIPHTHERIA TOXOID,EQUINE
C13900	314594		DIPHTHERIA TOXOID,CONJUGATED
C50294	312840		RIZATRIPTAN BENZOATE 5MG TAB [VA Product]
C50.68^24054^	1429570		INFLUENZA VACCINE,TRIVALENT (PF),VIL,0.5ML [VA Product]
C18810	235582	FZJ641678T	POLIOVIRUS VACCINE LIVE
C42496	798447		HEMOPHILUS B CONJUGATE VACCINE INJ [VA Product]
C42494	310699		HEMOPHILUS B CONJUGATE VACCINE (TETANUS TOXOID CONJUGATE) [VA Product]
C49874	1874088		PSYLLIUM PWDR,ORAL [VA Product]
C15336	317597		HEMOPHILUS B PRP
C4970482891820	666492		LENOLEIC ACID CAP/TAB [VA Product]
C32386	827744		ADENOSINE PO4 SODIUM 25MG/ML INJ [VA Product]
C35028	308600		BELLADONNA ALKALOIDS 0.3MG/ML TINCTURE [VA Product]
C19778	36717	5DQP25600A	SELENIUM (AS SODIUM SELENATE)
C10920	89858	1GA689N629	ALUMINUM CARBONATE
C9764	314293	E62HT5S2E9	ACETYLSALICYLATE SODIUM
C16802	1312384	HT3R7C012Q	MEASLES VIRUS
C50.68^24909^	1547580		PNEUMOCOCCAL 23-VALENT POLYSACCHARIDE VACCINE,SYRINGE,0.5ML [VA Product]
C15076	5720		GLOBULIN,IMMUNE
C15078	108067		GLOBULIN,IMMUNE (IM)
C13080	317218		COCCIDIODIN ANTIGEN
C21362	11131		VARICELLA
C50.68^23839^	1658470		PNEUMOCOCCAL 23-VALENT POLYSACCHARIDE VACCINE [VA Product]
C53642	313751		XENON 5% GAS [VA Product]
C16720	1310567	70097M6I30	MAGNESIUM STEARATE
C53496	237735		VITAMIN E 400UNT CAP [VA Product]
C50.68.19457	812310		LACTOBACILLUS/NA CARBOXYMETHYLCELLULOSE TAB [VA Product]
C50.68^21756^	1809736		GLOBULIN,IMMUNE (IV) (GLUCOSE) 10GM/VIL INJ [VA Product]
C43784	311049		INSULIN,NPH,BEEF/PORK 100UNT/ML INJ [VA Product]
C18252	314767	776CJK5X56	PEG-50 STEARATE
C46922	239189		NAFCILLIN NA 10GM/VIL INJ [VA Product]
C41600	317891		FREAMINE 8.5% INJ [VA Product]
C10990	1873122	0O72R8RF8A	AMINO ACIDS
C20770	91179	VWZ980637N	THEOPHYLLINE CALCIUM SALICYLATE
C275771	1298081		ENCAINIDE HCL 50MG CAP [VA Product]
C275773	1873508		PSYLLIUM HYDROPHILIC MUCILLOID 4.75GM/5GM PWDR,ORAL [VA Product]
C10992	663	N7U7BXP2OI	AMINO ACIDS,ESSENTIAL
C20808	38077	2N0251U7JH	THIOBUTABARBITAL
C21600	11363	3H3U766W84	XENON
C31256	282436	654825W09Z	FENUGREEK
C46218	998493		MICONAZOLE NITRATE 2% (BAZA) CREAM,TOP [VA Product]
C15846	235278		INSULIN,PROTAMINE ZINC,BEEF/PURIFIED
C15842	314685		INSULIN,PROTAMINE ZINC,BEEF/PORK
C18998	91275	TTK33Z47F1	POTASSIUM GUAIACOLSULFONATE
C276334	310996		INFLUENZA SUBVIRON VACCINE,'00-'01,VIL,5ML [VA Product]
C276333	310995		INFLUENZA SUBVIRON VACCINE,'00-'01,SYRINGE,0.5ML [VA Product]
C276332	311010		INFLUENZA WHOLE VIRON VACCINE,'00-'01,VIL,5ML [VA Product]
C50.68^21767^	1809430		GLOBULIN,IMMUNE (IV) (SORBITOL) 5% INJ [VA Product]
C16098	1305582	EX438O2MRT	IRON OXIDE,YELLOW
C21380	80694	4R069M4O1P	VASOPRESSIN TANNATE (IN OIL)
C50.68^26869^	1791567		OXYCODONE MYRISTATE 18MG CAP,SPRINKLE,SA [VA Product]
C50.416.4491	790680		IRON SUMALATE
C42194	443463		GOTU KOLA CAP/TAB [VA Product]
C9702	1426875	UZ29E6L2X8	ACEMANNAN
C37838	91318		COAL TAR SOLN [VA Product]
C11952	1829	Z84S23CGJJ	BUTACAINE
C14496	317226		EUCERITE
C14492	59478		EUCERIN
C32750	1313950		ALLERGENIC EXTRACT 4.98ML INJ [VA Product]
C32756	307852		ALLERGENIC EXTRACT INJ [VA Product]
C50.68^26692^	1865245		FIBER,NUTRISOURCE POWDER,ORAL,PACKET,4GM [VA Product]
C50.68^22735^	1233058		SURGICEL ABSORBABLE HEMOSTAT 0.5IN X 2IN [VA Product]
C50.68.19599	730878		ESTROGENS,CONJUGATED SYNTHETIC B 0.9MG TAB [VA Product]
C50.68^21626^	994188		INFLUENZA VIRUS VACCINE HIGH-DOSE (SPLIT VIRUS),SYRINGE,0.5ML [VA Product]
C39694	754437		DIPHTHERIA ANTITOXIN,EQUINE 20000UNT/VIL INJ [VA Product]
C50.68^24058^	1429570		INFLUENZA VACCINE,TRIVALENT,VIL,0.5ML [VA Product]
C44472	311258		LACTOBACILLUS 1GM/PKT GRANULES [VA Product]
C15756	314680		INFLUENZA VIRUS,TRIVALENT SPLIT VACCINE
C18852	1747569	5WKN5KL2O8	POLYETHYLENE GLYCOL 20000
C273966	310998		INFLUENZA TRIVALENT SPLIT VIRUS VACCINE '95-'96,SYRINGE,0.5ML [VA Product]
C273965	310999		INFLUENZA TRIVALENT SPLIT VIRUS VACCINE '95-'96,VIAL,5ML [VA Product]
C45494	311490		MENINGOCOCCAL POLYSACCHARIDE VACCINE GROUPS A & C COMB. INJ [VA Product]
C11794	237148		BISMUTH-FORMIC-IODIDE
C16284	6204		LACTOBACILLUS
C31272	4419	XGF7L72M0F	FISH OIL
C13888	91602		DIPHTHERIA ANTITOXIN,EQUINE
C13884	3510		DIPHTHERIA ANTITOXIN
C13774	203223		DIGOXIN IMMUNE FAB
C15332	314656		HEMOPHILUS B POLYSACCHARIDE
C35032	308602		BELLADONNA EXTRACT 15MG TAB [VA Product]
C35030	308601		BELLADONNA ALKALOIDS 0.5MG/ML INJ [VA Product]
C16112	235272		IRON,PEPTONIZED
C273752	199040		INSULIN LENTE BEEF/PORK 100 U/ML INJ LIL [VA Product]
C50.68^21765^	1809206		GLOBULIN,IMMUNE (IV) (SUCROSE) 3GM/VIL INJ [VA Product]
C43714	351858		INSULIN REG BEEF/PORK 100 U/ML INJ LILLY [VA Product]
C43638	358979		INFLUENZA SUBVIRON VACCINE,VIL,5ML [VA Product]
C15030	259315	93NS566KF7	GEMTUZUMAB
C30800	714170		MUMPS SKIN TEST
C37858	309410		COCCIDIODIN 1:100 SKIN TEST [VA Product]
C11562	89781	6GZW20TIOI	BELLADONNA EXTRACT
C53100	242938		VASOPRESSIN TANNATE 5UNT/ML INJ,SUSP (IN OIL) [VA Product]
C11566	314517	6GZW20TIOI	BELLADONNA LEAF
C50.68.18621	830460		RABIES VACCINE 2.5UNT/VIL INJ,KIT [VA Product]
C31040	236665	K73E24S6X9	BLACK COHOSH EXTRACT
C18876	314792	G2M7P15E5P	POLYETHYLENE GLYCOL 75
C50.68^23082^	1301191		FIBER TAB,CHEWABLE [VA Product]
C18256	1363617	VC3B728EXD	PEG-6 LAURAMIDE
C43786	311050		INSULIN,NPH,BEEF/PORK 40UNT/ML INJ [VA Product]
C14034	23651	P40015Y3WW	DOXACURIUM
C15752	314679		INFLUENZA VIRUS VACCINE,TRIVALENT TYPE A & B ('90-'91)
C35014	308596		BELLADONNA ALKALOIDS 0.25MG TAB [VA Product]
C46620	198220		MORRHUATE NA 50MG/ML INJ [VA Product]
C272965	105669		IRON (AS POLYSACCHARIDE-IRON COMPLEX)
C50.68^24081^	1429570		INFLUENZA VACCINE,TRIVALENT,VIL,5ML [VA Product]
C35018	317853		BELLADONNA ALKALOIDS 0.27MG/ML TINCTURE [VA Product]
C47128	317892		NEPHRAMINE 5.1% INJ [VA Product]
C11380	708480		ASPERGILLUS
C16868	6703	EA6LD1M70M	MEGESTROL
C19312	317606	UTX536WN6N	PROTEUS ANTIGEN
C14212	281189	4CH7J36N9S	ENCAINIDE HYDROCHLORIDE
C12240	56461	4OUL81K2RT	CARBENICILLIN INDANYL SODIUM
C49000	1307312		POLYETHYLENE GLYCOL 8000 [VA Product]
C40784	1363043		ETHER [VA Product]
C13076	709333		COCCIDIODIN
C273970	311004		INFLUENZA TRIVALENT SUBVIRON,'98-'99,VIL,5ML [VA Product]
C21256	261437	0MZI008M96	TYPHOID VACCINE LIVE
C18232	314763		PEG-40 SODIUM HYDROXIDE
C18236	1363615	JL4CCU7I1G	PEG-40 SORBITAN DIISOSTEARATE
C11214	4257		ANTIHEMOPHILIC FACTOR
C11784	19476	YIW503MI7V	BISMUTH SUBGALLATE
C15822	317598		INSULIN,NPH,BEEF/PORK
C14606	314621	UVP74NG1C5	FERRIC AMMONIUM CITRATE,GREEN
C50.416^4787^	746070	U2514Q0PG1	LITHIUM ASPARTATE
C273718	311053		INSULIN,PROTAMINE ZINC,BEEF/PORK 100UNT/ML INJ [VA Product]
C37856	309409		COCCIDIODIN 1:10 SKIN TEST [VA Product]
C12262	2028		CARBOHYDRATE
C18552	8141	I6G9Y0J1OJ	PHENOLSULFONPHTHALEIN
C46854	311876		MUMPS SKIN TEST (MSTA) ANTIGEN INJ [VA Product]
C50.416^5047^	1796912		OXYCODONE MYRISTATE
C31000	319818	3RII6T6OQD	ASTRAGALUS EXTRACT
C53508	313725		VITAMIN E OIL,TOP [VA Product]
C12012	1311287	DF35I47HCM	CALCITONIN
C273971	311005		INFLUENZA TRIVALENT WHOLE VIRON,'98-'99,VIL,5ML [VA Product]
C273100	477201	681VJX72FE	ZINC AMINO ACID CHELATE
C44072	756336		IRON (POLYSACCHARIDE COMPLEX) 100MG/5ML ELIXIR [VA Product]
C33318	308065		ALUMINUM CARBONATE GEL 500MG TAB [VA Product]
C20086	36710	SX01TZO3QZ	SODIUM PHOSPHATE,TRIBASIC
C18212	1309363	YM0K64F20V	PEG-120 METHYL GLUCOSE DIOLEATE
C50.68^27210^	1813423		GLOBULIN,IMMUNE (SQ) 200MG/ML INJ,SOLN,40ML [VA Product]
C13796	3417	67V3FSL2GL	DIHYDROERGOCRYPTINE
C13792	3416	05D48LUM4Z	DIHYDROERGOCRISTINE
C18216	314760	2126FD486L	PEG-14M
C50.68^24124^	1442205		INFLUENZA VACCINE,TRIVALENT RECOMBINANT (PF),VIL,0.5ML [VA Product]
C273739	311063		INSULIN,ULTRALENTE,BEEF/PORK 40UNT/ML INJ [VA Product]
C273733	311059		INSULIN,SEMILENTE,BEEF/PORK 100UNT/ML INJ [VA Product]
C273731	199040		INSULIN,LENTE,BEEF/PORK 100UNT/ML INJ [VA Product]
C273737	311062		INSULIN,ULTRALENTE,BEEF/PORK 100UNT/ML INJ [VA Product]
C23425844080183	666308		FIBER 4GM TAB,CHEWABLE [VA Product]
C273735	311060		INSULIN,SEMILENTE,BEEF/PORK 40UNT/ML INJ [VA Product]
C12504	2222	44AIH82TSC	CELLULOSE,OXIDIZED
C12158	314530	E6SHQ2AT1P	CAMPHOR,MONOBROMATED
C12150	655115	J3614D61GX	CAMPHOR GUM
C51648	812555		TECHNETIUM Tc99m TEBOROXIME KIT [VA Product]
C51138	313072		SODIUM POLYSTYRENE SULFONATE PWDR [VA Product]
C51136	313072		SODIUM POLYSTYRENE SULFONATE 50GM/200ML SUSP,RTL [VA Product]
C51132	313072		SODIUM POLYSTYRENE SULFONATE 15GM/60ML SUSP [VA Product]
C50.68^25310^	1495316		ALLERGENIC EXTRACT,GRASTEK 2800UNIT TAB,SL [VA Product]
C40430	318178		ERGOLOID MESYLATES 0.5MG TAB,SUBLINGUAL [VA Product]
C275698	628217		THIOBUTABARBITAL NA 1GM/AMP INJ [VA Product]
C35666	308797		BOTULISM ANTITOXIN 5000UNT/VIL INJ [VA Product]
C50.68^21760^	1809430		GLOBULIN,IMMUNE (IV) (MALTOSE) 5% INJ [VA Product]
C17556	236069	K7K69QC05X	NALMEFENE HYDROCHLORIDE
C18762	33835	6D53G0FD0Z	PLASMA PROTEIN FRACTION
C12690	82242	1D276TYV9O	CHLOROPHYLLIN COPPER COMPLEX
C275060	248091		CALCITONIN 0.5MG/ML INJ [VA Product]
C46968	314133		NALMEFENE HCL 100MCG/ML INJ,AMP,1ML [VA Product]
C272878	29164	453COF7817	MAGNESIUM (AS PHOSPHATE)
C50.68^25337^	1550720		ALLERGENIC EXTRACT, ORALAIR 300 IR TAB,SL STARTER PACK,3 [VA Product]
C272896	485838	43106T5KXT	CYPROHEPTADINE HYDROCHLORIDE MONOHYDRATE
C38732	358939		DEVILS CLAW CAP/TAB [VA Product]
C14656	72901	G6N3J05W84	FERUMOXIDES
C50.68.19894	199253		BISMUTH SUBGALLATE 400MG TAB,CHEW [VA Product]
C43640	311000		INFLUENZA TRIVALENT SUBVIRON,'96-'97,SYRINGE,0.5ML [VA Product]
C43644	311008		INFLUENZA VIRUS VACCINE (SPLIT VIRUS),VIL,5ML [VA Product]
C50.68^21065^	864704		INFLUENZA A (H1N1) MONOVALENT VIRUS VACCINE,VIL,5ML [VA Product]
C14262	24255	MO99IGH0LS	EPINEPHRYL BORATE
C50.68^21643^	1809066		GLOBULIN,IMMUNE (SQ) 200MG/ML INJ,SOLN,20ML [VA Product]
C12220	20191	97J7NP0XJY	CARAMIPHEN
C12222	133053	09TQU5PG95	CARAMIPHEN EDISYLATE
C51118	239330		SODIUM PERBORATE GRANULES [VA Product]
C50.68.17807	1863325		DEXTRANOMER MICROSPHERES (DEFLUX) 50MG/ML SYR,1ML [VA Product]
C34940	308575		BCG (PACIS) 120MG/AMP VACCINE [VA Product]
C50.68.20114	857965		INFLUENZA VIRUS VACCINE (PEDIATRIC),SYRINGE,0.25ML [VA Product]
C20632	813372	Z8E46IA45W	TECHNETIUM Tc 99m ALBUMIN COLLOID KIT
C275542	308254		ANTAZOLINE HCL 100MG TAB [VA Product]
C275544	308255		ANTAZOLINE HCL 200MG TAB [VA Product]
C42700	798421		HEPATITIS B SURFACE ANTIGEN 20MCG/ML INJ [VA Product]
C43930	789702		IODOHIPPURATE NA,I-131,2MIL/VIL INJ [VA Product]
C50.68^22651^	1005934		INFLUENZA VIRUS VACCINE (SPLIT VIRUS) (PF) VIL,0.5ML [VA Product]
C15886	235283		INSULIN,SEMILENTE,BEEF/PORK
C51560	313181		SURGICEL ABSORBABLE HEMOSTAT 4IN X 8IN [VA Product]
C37056	309194		CHLOROPHYLLIN COPPER COMPLEX 0.5% OINT,TOP [VA Product]
C50.68^22639^	1189041		ALLERGENIC EXTRACT,MIXED ANTIGENS PATCH [VA Product]
C35540	308757		BISMUTH SUBGALLATE 200MG TAB,CHEW [VA Product]
C12250	221070	23K1F351T7	CARBETAPENTANE TANNATE
C19396	221152	A9310LW34B	PYRILAMINE TANNATE
C1508032890213	90732		COAL TAR DISTILLATE
C50.68^21645^	1809076		GLOBULIN,IMMUNE (SQ) 200MG/ML INJ,SOLN,5ML [VA Product]
C50.68^21758^	1809745		GLOBULIN,IMMUNE (IV) (GLUCOSE) 2.5GM/VIL INJ [VA Product]
C11778	317587	6Q0618400F	BISMUTH RESORCIN COMPOUND
C20964	317841	WR1WPI7EW8	TOCOPHERYL ACETATE,DL-ALPHA
C20960	1441649	A7E6112E4N	TOCOPHERYL ACETATE,D-ALPHA
C50.68^24294^	1437489		RABEPRAZOLE NA 5MG CAP,SPRINKLE [VA Product]
C16656	214177	LC8Q2JZK0Z	LYME DISEASE VACCINE
C50.68^24061^	1429577		INFLUENZA VACCINE,TRIVALENT (PF),SYRINGE,0.1ML [VA Product]
C11560	1359		BELLADONNA ALKALOIDS
C276406	486260		GOTU KOLA LIQUID [VA Product]
C9808	314297	T1WZ11DSRN	ADENOSINE PHOSPHATE SODIUM
C50.68^27286^	1550720		ALLERGENIC EXTRACT, ORALAIR 300 IR TAB,SL,PKT,30 [VA Product]
C49862	824586		PSYLLIUM HYDROPHILIC MUCILLOID 3.4GM/5GM PWDR,ORAL [VA Product]
C49860	824586		PSYLLIUM HYDROPHILIC MUCILLOID 3.4GM/5GM (SF) PWDR,ORAL [VA Product]
C49272	312554		POTASSIUM,CHELATED 99MG TAB [VA Product]
C36198	317071		CAMPHOR GUM BLOCKS [VA Product]
C38846	238645		DEXTRAN-1,150MG/ML INJ [VA Product]
C50.68^26867^	1790527		OXYCODONE MYRISTATE 9MG CAP,SPRINKLE,SA [VA Product]
C50.68^24296^	1483318		RABEPRAZOLE NA 10MG CAP,SPRINKLE [VA Product]
C47868	312121		OSCILLOCOCCINUM PELLET [VA Product]
C50.68^23813^	1425484		LACTOBACILLUS POWDER PKT,ORAL [VA Product]
C48988	1368863		POLYETHYLENE GLYCOL 1000 [VA Product]
C48986	688075		POLYESTRADIOL PO4 40MG/VIL INJ,SOLN [VA Product]
C18296	713182		PEGINTERFERON
C273188	486930	CF607I8E19	PEG-6000 DILAURATE
C50.68^26853^	1550722		ALLERGENIC EXTRACT, ORALAIR 100-300 IR TAB,SL CHILD PACK,9 [VA Product]
C41732	244167		GARLIC OIL CAP [VA Product]
C36160	308931		CALCIUM PHOSPHATE,DIBASIC 488MG TAB [VA Product]
C46970	199059		NALMEFENE HCL 1MG/ML INJ,AMP,2ML [VA Product]
C42500	825286		HEMOPHILUS B POLYSACCHARIDE VACCINE 25MCG/0.5ML INJ [VA Product]
C19028	8604	00OT1QX5U4	POTASSIUM PERMANGANATE
C17410	314738	948QAQ08I1	MOLYBDENUM (AS SODIUM)
C50.68^21063^	864797		INFLUENZA A (H1N1) MONOVALENT VIRUS VACCINE (PF),SYR,0.5ML [VA Product]
C12828	317214		CHROMIUM COMPLEX
C50.68^21009^	337550		LACTOBACILLUS TAB [VA Product]
C12002	106212		CALAMINE
C50.68^25103^	1546187		PEGINTERFERON BETA-1A 125MCG/0.5ML INJ,SYR,0.5ML [VA Product]
C39830	1247897		DOCUSATE K 240MG CAP [VA Product]
C32316	307725		ACIDULATED PHOSPHATE FLUORIDE 0.02% LIQUID [VA Product]
C9844	314300	B05Y6V2CZS	ALBUMIN,EGG
C34006	768827		ANTIHEMOPHILIC FACTOR,PORCINE 400UNT/VIL INJ [VA Product]
C274732	310568		GLYCEROL,IODINATED 50MG/ML SOLN [VA Product]
C274737	310565		GLYCEROL,IODINATED 30MG TAB [VA Product]
C13052	317216		COBALAMIN CONCENTRATE
C274735	310570		GLYCEROL,IODINATED 60MG/5ML ELIXIR [VA Product]
C274738	310570		GLYCEROL,IODINATED 60MG/5ML SOLN [VA Product]
C50.68^25102^	1649602		PEGINTERFERON BETA-1A 63MCG X 1/94MCG X 1 PEN KIT [VA Product]
C274089	763106		POLIOVIRUS VACCINE INACTIVATED (IPOL) [VA Product]
C274088	308046		ALPHAPRODINE HCL 60MG/ML INJ [VA Product]
C274086	308045		ALPHAPRODINE HCL 40MG/ML INJ [VA Product]
C10878	7433	CO51Q2EI5Z	ALPHAPRODINE HYDROCHLORIDE
C11200	81954	FP8Q8F72JH	ANTAZOLINE HYDROCHLORIDE
C50010	830467		RABIES VACCINE 2.5UNT/VIL INJ [VA Product]
C31324	11454	36W3E5TAMG	GLUCOMANNAN
C17066	235562	FIA8FFW7DP	METHENAMINE SULFOSALICYLATE
C36334	308985		CARBENICILLIN INDANYL NA 382MG TAB [VA Product]
C48550	994496		PHENDIMETRAZINE HCL 30MG CAP,SA [VA Product]
C18316	70618		PENICILLIN
C44330	358990		KELP CAP/TAB [VA Product]
C17478	1426911	YF0S03R447	MUMPS VIRUS
C12800	314556		CHONDROITIN SODIUM
C15340	314657		HEMOPHILUS B SACCHARIDE
C273972	311003		INFLUENZA TRIVALENT SUBVIRON,'98-'99,TUBEX,0.5ML [VA Product]
C274273	1721465		NAFCILLIN NA MONOHYDRATE 250MG/ML INJ [VA Product]
C274271	311897		NAFCILLIN NA MONOHYDRATE 250MG CAP [VA Product]
C274275	311899		NAFCILLIN NA MONOHYDRATE 500MG TAB [VA Product]
C274278	239189		NAFCILLIN NA MONOHYDRATE 10GM/VIL INJ [VA Product]
C274279	1721463		NAFCILLIN NA MONOHYDRATE 500MG/VIL INJ [VA Product]
C50.68^25101^	1649591		PEGINTERFERON BETA-1A 125MCG/0.5ML INJ,PEN,0.5ML [VA Product]
C14988	1309210	4WG8U28833	GARLIC OIL
C33312	308062		ALUMINUM CARBONATE GEL 1000MG/5ML SUSP [VA Product]
C39768	309967		DL-METHIONINE 200MG CAP [VA Product]
C9860	314302	T8C6W1N6NW	ALBUMIN,MICROSPHERE HUMAN SERUM
C50.68^26871^	1791580		OXYCODONE MYRISTATE 36MG CAP,SPRINKLE,SA [VA Product]
C45876	311618		METHENAMINE TAB FOR TIMED BURNING (DO NOT TAKE) [VA Product]
C50.68^24641^	313072		SODIUM POLYSTYRENE SULFONATE 15GM/60ML SUSP,60ML [VA Product]
C49872	312725		PSYLLIUM PWDR,EFFERVSC [VA Product]
C20094	56512	1699G8679Z	SODIUM POLYSTYRENE SULFONATE
C49878	312727		PSYLLIUM SUGAR FREE INSTANT MIX PWDR,PKT [VA Product]
C44476	205115		LACTOBACILLUS/NA CARBOXYMETHYLCELLULOSE 100MG CAP [VA Product]
C44474	243422		LACTOBACILLUS TAB,CHEWABLE [VA Product]
C11858	1711		BOTULISM ANTITOXIN
C20048	36702	Y52BK1W96C	SODIUM PERBORATE
C40436	205033		ERGOLOID MESYLATES 1MG TAB,SUBLINGUAL [VA Product]
C50.68^25858^	1664769		CHOLINE BITARTRATE PWDR [VA Product]
C15914	5886		INTERFERON
C14300	91405	01G9XEA93N	ERGOT
C273009	42646	5AAV003TAQ	DIHYDROERGOCRYPTINE MESYLATE
C273005	42644	42RX8KPW29	DIHYDROERGOCORNINE MESYLATE
C273007	42645	DS7CL18UAM	DIHYDROERGOCRISTINE MESYLATE
C12798	817303		CHONDROITIN
C15368	314660		HEPATITIS ASSOCIATED ANTIBODY
C11556	89781	WQZ3G9PF0H	BELLADONNA
C31176	328141	B66F4574UG	DONG QUAI
C275317	309882		DIGITALIS 100MG TAB,EC [VA Product]
C40902	310256		EUCERIN CLEANSING [VA Product]
C40900	310255		EUCERIN BAR,TOP [VA Product]
C42524	1361760		HEPARIN NA (BEEF) 5000UNT/ML INJ [VA Product]
C33438	799873		AMINESS 5.2% INJ [VA Product]
C31360	50937		HAEMOPHILUS B
C272858	325521	MN18OTN73W	THYROID,BOVINE
C14240	221096	1M92VL7U3I	EPHEDRINE TANNATE
C11770	235954	B1818YPL67	BISMUTH HYDROXIDE
C16776	89792	99AU28W1G9	MANNITOL HEXANITRATE
C43216	310897		HYDROCORTISONE ACETONIDE PWDR [VA Product]
C17534	485026	49G3001BCK	NAFCILLIN SODIUM MONOHYDRATE
C53884	441699		INFLUENZA VIRUS,LIVE
C50.68^24057^	1429590		INFLUENZA VACCINE,TRIVALENT,HIGH-DOSE(PF),SYRINGE,0.5ML [VA Product]
C275674	485237		ANTIRABIES SERUM,EQUINE 125UNT/ML INJ [VA Product]
C274101	992858		PROMETHAZINE HBR 50MG/ML INJ [VA Product]
C276299	314054		INFLUENZA SUBVIRON VACCINE,'99-'00,VIL,5ML [VA Product]
C15898	235281		INSULIN,ULTRALENTE,BEEF/PORK
C50.68^25097^	313072		SODIUM POLYSTYRENE SULFONATE (SORBITOL FREE) 15GM/60ML SUSP,60ML [VA Product]
C12672	153974	Q32ZN48698	CHLORIDE
C13048	42604	8406EY2OQA	COBALAMIN
C11320	87865	N3927D01PB	ARDEPARIN SODIUM
C20718	10385		TETANUS ANTITOXIN
C15104	674235		GLUCOSE LIQUID
C11270	89887	5VJA14972G	ANTIVENIN,LATRODECTUS MACTANS
C44078	198809		IRON (POLYSACCHARIDE COMPLEX) 50MG TAB [VA Product]
C11174	314501	RN2HC612GY	ANAS BARBARIAE HEPATIS ET CORDIS EXTRACTUM HPUS 200CK
C50.68^25311^	1495470		ALLERGENIC EXTRACT,RAGWITEK 12UNIT TAB,SL [VA Product]
C17742	7515	88181ACA0M	NORETHYNODREL
C36822	1494831		CELLULOSE,OXIDIZED 100% PELLET [VA Product]
C48568	198774		PHENINDAMINE TARTRATE 25MG TAB [VA Product]
C18806	214781		POLIOVIRUS VACCINE INACTIVATED
C273044	486895		MAGNESIUM AMINO ACID CHELATE
C273046	486786	LR135I04CJ	MANGANESE (AS GLYCEROPHOSPHATE)
C11402	1218	2GQ1IRY63P	ATRACURIUM
C19178	314802	Y3834SIK5F	PROFIMER SODIUM
C50.68^24055^	1428988		INFLUENZA VACCINE,TRIVALENT (PF),SYRINGE,0.5ML [VA Product]
C1477448810393	1307312	Q662QK8M3B	POLYETHYLENE GLYCOL 8000
C276405	484635		GLUCOMANNAN CAP/TAB [VA Product]
C15328	317231		HEMOPHILUS B CONJUGATE(TETANUS TOXOID CONJUGATE)
C40380	141848		EPINEPHRYL BORATE 1% SOLN,OPH [VA Product]
C13584	155142	PM28L0FHNP	DEXFENFLURAMINE HYDROCHLORIDE
C48928	1729441		PLASMA PROTEIN FRACTION 5% INJ [VA Product]
C48926	239272		PLAGUE VACCINE INJ [VA Product]
C1508986804747	308013		ALLERGENIC EXTRACT,MIXED ANTIGENS
C19054	314799	NCS08RO8PB	POTASSIUM TRIPOLYPHOSPHATE
C17802	314746	V772YP1HVB	OCTOXYNOL 3
C17806	317252		OCTOXYNOL 3 TETRASODIUM EDTA
C18498	297716	GTP19K968F	PHENDIMETRAZINE HYDROCHLORIDE
C14876	314633	3Z6W3S36X5	FOMIVIRSEN NA
C14874	85763	QX5LK7YCHV	FOMIVIRSEN
C9774	236		ACIDULATED PHOSPHATE FLUORIDE
C275318	309883		DIGITALIS 100MG TAB [VA Product]
C276950	381174		LACTOBACILLUS CAP [VA Product]
C50.416.4531	808979		COLOINE
C11352	1111	N712M78A8G	ARSENIC
C15790	314682		INSULIN,LENTE,BEEF/PORK
C10774	314479	0VLM3TE44K	ALLERGENIC EXTRACT, YELLOW JACKET, WHOLE BODY
C41248	838543		FISH OIL 1200MG CAP,ORAL [VA Product]
C50.68^25536^	1648686		TECHNETIUM TC99M TETROFOSMIN KIT [VA Product]
C41246	830717		FISH OIL 1000MG CAP,ORAL [VA Product]
C14666	70727		FIBER
C273062	486929	FQ9T18W7BU	PEG-600 DILAURATE
C273064	486913		PHENOL (AS PHENOL AND SODIUM PHENOLATE)
C43758	311042		INSULIN,LENTE,BEEF/PORK 40UNT/ML INJ [VA Product]
C35544	238376		BISMUTH SUBNITRATE PWDR [VA Product]
C39898	358945		DONG QUAI CAP/TAB [VA Product]
C275767	1298083		ENCAINIDE HCL 25MG CAP [VA Product]
C275769	1298086		ENCAINIDE HCL 35MG CAP [VA Product]
C20810	314874	VE5XWZ299Q	THIOBUTABARBITAL SODIUM
C21142	10808		TRIGLYCERIDES
C21144	1310578	C9H2L21V7U	TRIGLYCERIDES,MEDIUM CHAIN
C272934	485900	LFR582VS4X	BISMUTH SUBIODIDE
C276274	484398		OCTREOTIDE SA DEMONSTRATION KIT INJ [VA Product]
C32516	1742677		ALBUMIN,IODINATED,I-131,SERUM 10MG/ML INJ [VA Product]
C15854	235275		INSULIN,REGULAR,BEEF/PORK
C15850	235279		INSULIN,PROTAMINE ZINC,PORK/PURIFIED
C50.68^21766^	1809218		GLOBULIN,IMMUNE (IV) (SUCROSE) 6GM/VIL INJ [VA Product]
C1512590121928	236694	DTN01M69SN	ANGELICA ROOT EXTRACT
C276300	310997		INFLUENZA SUBVIRON VACCINE,'99-'00,SYRINGE,0.5ML [VA Product]
C276301	311011		INFLUENZA WHOLE VIRON VACCINE,'99-'00,VIL,5ML [VA Product]
C50.68^26868^	1791558		OXYCODONE MYRISTATE 13.5MG CAP,SPRINKLE,SA [VA Product]
C16088	105669		IRON (AS POLYSACCHARIDE COMPLEX)
C16882	29491	VQ093653DO	MENADIOL
C10956	1009149		ALUMINUM/MAGNESIUM HYDROXIDE
C40086	358948		ECHINACEA CAP/TAB [VA Product]
C13756	91235	F1T8QT9U8B	DIGITALIS
C15060	214582	U782C039QP	GLATIRAMER
C16714	29164	453COF7817	MAGNESIUM PHOSPHATE
C43694	311049		INSULIN NPH BEEF/PORK 100 U/ML INJ LILLY [VA Product]
C31076	285223	9060PRM18Q	CAT'S CLAW
C19472	9100	73JWT2K6T3	RACEMETHIONINE
C18842	34120	P14877CDX2	POLYESTRADIOL PHOSPHATE
C18840	34119	125DP6010H	POLYESTRADIOL
C16872	6704	6HG8UB2MUY	MEGLUMINE
C18264	314792	G2M7P15E5P	PEG-75
C18268	1363619	09179OX7TB	PEG-75 LANOLIN
C15498	317232		HYDROCORTISONE ACETONIDE
C46938	1721463		NAFCILLIN NA 500MG/VIL INJ [VA Product]
C18772	261720		PNEUMOCOCCAL 7-VALENT CONJUGATE
C272912	33835	6D53G0FD0Z	PLASMA PROTEIN FRACTION,HUMAN
C272914	486894	4V2UBU7H8W	WARFARIN SODIUM ISOPROPANOL COMPLEX
C32518	639494		ALBUMIN,MICROSPHERE HUMAN SERUM 5MG/UNT INJ [VA Product]
C13896	235600	IRH51QN26H	DIPHTHERIA TOXOID ADSORBED
C19352	314812	NU5XN4136K	PSYLLIUM SEED COATINGS,BLOND
C50.68^21764^	1809212		GLOBULIN,IMMUNE (IV) (SUCROSE) 12GM/VIL INJ [VA Product]
C16066	7213	GR88G0I6UL	IPRATROPIUM
C12718	314555	65L0ZZ5ZA8	CHLOROTHEN MALEATE
C51636	839565		TECHNETIUM 99M DTPA PENTETATE KIT [VA Product]
C51634	789823		TECHNETIUM (Tc 99m) 30MIL INJ [VA Product]
C51632	812732		TECHNETIUM (Tc 99m) 10MIL INJ [VA Product]
C32742	1313947		ALLERGENIC EXTRACT 0.744ML INJ [VA Product]
C32744	1313948		ALLERGENIC EXTRACT 0.996ML INJ [VA Product]
C32746	1021639		ALLERGENIC EXTRACT 1 UNT/ML INJ [VA Product]
C32748	1313949		ALLERGENIC EXTRACT 1.5ML INJ [VA Product]
C41558	310415		FOMIVIRSEN NA 6.6MG/ML INJ,OPH,0.25ML [VA Product]
C9942	124151		ALLERGENIC EXTRACT
C9946	308013		ALLERGENIC EXTRACT MIXED ANTIGENS
C52400	315238		TOCOPHERYL ACETATE,DL-ALPHA 200MG/ML INJ [VA Product]
C51134	313072		SODIUM POLYSTYRENE SULFONATE 30GM/120ML RTL [VA Product]
C273176	486766	33X04XA5AT	LACTIC ACID,BUFFERED
C20722	314873		TETANUS ANTITOXIN,EQUINE
C15748	314678		INFLUENZA VIRUS (SPLIT) VACCINE
C31264	114203	Z64FK7P217	FEVERFEW
C31260	360375	654825W09Z	FENUGREEK SEED
C50.68^25096^	313072		SODIUM POLYSTYRENE SULFONATE (SORBITOL FREE) 15GM/60ML SUSP [VA Product]
C14144	446357	MP1J8420LU	EDTA TETRASODIUM
C17672	317251	6UNY448CMZ	NICOTINAMIDE HYDRIODIDE
C38876	313951		DEXTRANOMER PASTE,TOP,10GM,STERILE [VA Product]
C50.68.19977	825317		INFLUENZA VIRUS VACCINE (SPLIT VIRUS) (PF) SYRINGE, 0.5ML [VA Product]
C16104	105669		IRON POLYSACCHARIDE COMPLEX
C16102	1310572	1K09F3G675	IRON OXIDES
C16108	235272		IRON, PEPTONIZED
C18652	314787		PHOSPHO-SODA
C40434	318179		ERGOLOID MESYLATES 1MG TAB,ORAL [VA Product]
C16046	317237		IPECAC ALKALOIDS
C33198	308032		ALOE VERA GEL,TOP [VA Product]
C20444	37320	G58F8OPL4I	SULFABENZAMIDE
C273969	311002		INFLUENZA TRIVALENT SUBVIRON,'98-'99,SYRINGE,0.5ML [VA Product]
C273968	311006		INFLUENZA TRIVALENT WHOLE,'96-'97,VIAL,5ML [VA Product]
C273967	311000		INFLUENZA TRIVALENT SUBVIRON,'96-'97,VIL,5ML [VA Product]
C273964	311009		INFLUENZA VIRUS VACCINE,TRIVALENT TYPES A&B ('90-'91) INJ [VA Product]
C41250	831186		FISH OIL 2000MG CAP,ORAL [VA Product]
C19684	1365969	U751HEX436	RUBELLA VIRUS
C31036	236665	K73E24S6X9	BLACK COHOSH
C19468	9097	C6547J35OD	RABIES VACCINE
C18228	1363613	KCR71CW036	PEG-4 DILAURATE
C15130	27723		GLYCEROL,IODINATED
C18224	1368864	V146K8QJ07	PEG-200
C290047	691167		ANISE OIL/CORIANDER OIL/LEMON OIL/ORANGE OIL
C11044	317201	5138Q19F1X	AMMONIA,AROMATIC
C275254	311453		MANNITOL HEXANITRATE 30MG TAB [VA Product]
C275700	628438		THIOBUTABARBITAL NA 0.5GM/AMP INJ [VA Product]
C31200	228041	4N9P6CC1DX	ECHINACEA
C36436	309013		CARMUSTINE 7.7MG IMPLANT WAFER [VA Product]
C15760	314681		INFLUENZA VIRUS,TRIVALENT WHOLE VACCINE
C37802	205100		COAL TAR 3% SHAMPOO [VA Product]
C44332	237612		KELP TAB [VA Product]
C48232	32926		PAREGORIC [VA Product]
C43420	792847		HYLAN G-F20 16MG/2ML INJ,SYRINGE,2ML [VA Product]
C50.68.20668	835715		HYLAN G-F20 48MG/6ML INJ,SYRINGE,6ML [VA Product]
C17554	31479	TOV02TDP9I	NALMEFENE
C33948	236694		ANGELICA ROOT EXTRACT [VA Product]
C18204	317258	TVH7653921	PEG-100
C18208	1367120	YD01N1999R	PEG-100 STEARATE
C18758	8382	G10832YT0L	PLAGUE VACCINE
C35042	308605		BELLADONNA LEAF 0.3MG/ML TINCTURE [VA Product]
C48552	994502		PHENDIMETRAZINE HCL 37.5MG TAB,SA [VA Product]
C30996	319818		ASTRAGALUS
C33314	308063		ALUMINUM CARBONATE GEL 400MG/5ML SUSP [VA Product]
C33316	308064		ALUMINUM CARBONATE GEL 500MG CAP [VA Product]
C13788	3415	IK4C1OC8NE	DIHYDROERGOCORNINE
C15744	5806		INFLUENZA
C23425734222086	831877		ACIDULATED PHOSPHATE FLUORIDE 0.044% LIQUID [VA Product]
C273729	311055		INSULIN,REGULAR,BEEF/PORK 40UNT/ML INJ [VA Product]
C273725	311054		INSULIN,REGULAR,BEEF/PORK 100UNT/ML INJ [VA Product]
C273724	314038		INSULIN,PROTAMINE ZINC,BEEF/PORK 40UNT/ML INJ [VA Product]
C273720	242917		INSULIN,PROTAMINE ZINC,PORK/PURIFIED 100UNT/ML INJ [VA Product]
C273722	242916		INSULIN,PROTAMINE ZINC,BEEF/PURIFIED 100UNT/ML INJ [VA Product]
C42522	1362830		HEPARIN NA (BEEF) 1000UNT/ML INJ [VA Product]
C16148	317238	21OG056YM2	ISOMETHEPTENE MUCATE (1:1)
C42520	1362833		HEPARIN NA (BEEF) 10000UNT/ML INJ [VA Product]
C46478	1797865		MOMETASONE FUROATE MONOHYDRATE 50MCG/ACTUAT SUSP,NASAL,17GM [VA Product]
C14352	4100		ESTROGENS
C16000	91540	9BRV734R3E	IODOHIPPURATE SODIUM,I-131
C276298	314053		INFLUENZA SUBVIRON VACCINE,'99-'00,TUBEX,0.5ML [VA Product]
C19348	314809	0SHO53407G	PSYLLIUM MUCILLOID
C19340	314809		PSYLLIUM HYDROCOLLOID
C19344	314809	0SHO53407G	PSYLLIUM HYDROPHILIC MUCILLOID
C43926	789693		IODOHIPPURATE NA,I-131,0.2MIL/ML INJ [VA Product]
C43928	789695		IODOHIPPURATE NA,I-131,0.8MIL INJ [VA Product]
C51128	313071		SODIUM PHOSPHATE,TRIBASIC PWDR [VA Product]
C50.68^23754^	1421492		ASTRAGALUS CAP/TAB [VA Product]
C48802	805042		PHOSPHORUS 3MMOL/SODIUM 4MEQ/ML INJ [VA Product]
C17154	1796444	WOA57K8S5V	METHYLBENZETHONIUM CHLORIDE
C50.68.19746	804465		LACTOBACILLUS CAP,ORAL,14/LACTOBACILLUS CAP,VAG,14 [VA Product]
C18776	91610		PNEUMOCOCCAL POLYSACCHARIDE VACCINE
C18444	8080	2QNL82089R	PERTUSSIS VACCINE
C44284	1307269		JAPANESE ENCEPHALITIS VIRUS VACCINE [VA Product]
C37296	789584		CHROMIC PO4 (P-32) 7MIL/ML INJ,SUSP [VA Product]
C35538	238371		BISMUTH SUBCARBONATE PWDR [VA Product]
C13812	23163	84H8Z9550J	DIHYDROXYALUMINUM SODIUM CARBONATE
C41252	358963		FISH OIL CAP/TAB [VA Product]
C39706	309946		DIPHTHERIA TOXOID,ADSORBED,EQUINE INJ,SUSP [VA Product]
C30798	89854		MUMPS SKIN TEST ANTIGEN
C272880	34322	B7862WZ632	POTASSIUM (AS PHOSPHATE)
C272888	1310123	284SYP0193	FLUORINE
C15628	284637		HYLAN G-F 20
C50.68^24732^	1541427		LITHIUM OROTATE CAP/TAB [VA Product]
C14132	105745	420IP921MB	EDETATE TRISODIUM
C41734	310443		GARLIC OIL TAB,EC [VA Product]
C20644	37736	UT0WHJ4951	TECHNETIUM Tc 99m TEBOROXIME
C40428	204413		ERGOLOID MESYLATES 0.5MG TAB,ORAL [VA Product]
C48632	239351		PHENOL LIQUID [VA Product]
C41084	310299		FERRIC AMMONIUM CITRATE 150MG/ML INJ [VA Product]
C14680	4418	BN5IO4652Q	FISH LIVER OIL
C41082	358959		FENUGREEK SEED PWDR [VA Product]
